DriverNumber,Abbreviation,FullName,TeamName,TeamColor,GridPosition,Position,Status,Points,Q1,Q2,Q3,Time
3,VER,Max Verstappen,Red Bull Racing,#4781D7,,1.0,,,96.477,95.696,95.13,
44,HAM,Lewis Hamilton,Ferrari,#ED1131,,2.0,,,96.595,96.032,95.428,
6,HAD,Isack Hadjar,Red Bull Racing,#4781D7,,3.0,,,96.898,96.192,95.558,
12,ANT,Kimi Antonelli,Mercedes,#00D7B6,,4.0,,,97.041,95.959,95.631,
16,LEC,Charles Leclerc,Ferrari,#ED1131,,5.0,,,96.73,95.97,95.666,
1,NOR,Lando Norris,McLaren,#F47600,,6.0,,,97.092,96.173,95.757,
81,PIA,Oscar Piastri,McLaren,#F47600,,7.0,,,96.852,96.02,95.762,
63,RUS,George Russell,Mercedes,#00D7B6,,8.0,,,97.264,96.245,95.871,
10,GAS,Pierre Gasly,Alpine,#00A1E8,,9.0,,,97.174,96.41,97.21,
5,BOR,Gabriel Bortoleto,Audi,#F50537,,10.0,,,97.106,96.814,97.673,
30,LAW,Liam Lawson,Racing Bulls,#6C98FF,,11.0,,,97.332,97.023,,
14,ALO,Fernando Alonso,Aston Martin,#229971,,12.0,,,97.721,97.22,,
55,SAI,Carlos Sainz,Williams,#1868DB,,13.0,,,97.651,97.527,,
18,STR,Lance Stroll,Aston Martin,#229971,,14.0,,,97.729,97.566,,
43,COL,Franco Colapinto,Alpine,#00A1E8,,15.0,,,97.179,,,
41,LIN,Arvid Lindblad,Racing Bulls,#6C98FF,,16.0,,,97.883,,,
27,HUL,Nico Hulkenberg,Audi,#F50537,,17.0,,,97.97,,,
87,BEA,Oliver Bearman,Haas F1 Team,#9C9FA2,,18.0,,,97.98,,,
31,OCO,Esteban Ocon,Haas F1 Team,#9C9FA2,,19.0,,,98.233,,,
23,ALB,Alexander Albon,Williams,#1868DB,,20.0,,,98.6,,,
77,BOT,Valtteri Bottas,Cadillac,#909090,,21.0,,,98.611,,,
11,PER,Sergio Perez,Cadillac,#909090,,22.0,,,98.933,,,
