Driver,DriverNumber,Team,LapNumber,LapTime,Sector1Time,Sector2Time,Sector3Time,SpeedI1,SpeedI2,SpeedST,Compound,TyreLife,Stint,Position,TrackStatus,IsClean
VER,3,Red Bull Racing,1.0,,,43.354,54.557,272.0,71.0,256.0,SOFT,1.0,1.0,,1,False
VER,3,Red Bull Racing,2.0,96.477,24.932,31.942,39.603,296.0,144.0,310.0,SOFT,2.0,1.0,,1,True
VER,3,Red Bull Racing,3.0,138.226,37.834,43.346,57.046,195.0,118.0,260.0,SOFT,3.0,1.0,,1,False
VER,3,Red Bull Racing,4.0,,,43.812,45.422,229.0,122.0,265.0,SOFT,1.0,2.0,,1,False
VER,3,Red Bull Racing,5.0,95.696,24.655,31.64,39.401,294.0,146.0,310.0,SOFT,2.0,2.0,,1,True
VER,3,Red Bull Racing,6.0,138.518,34.366,45.22,58.932,202.0,111.0,236.0,SOFT,3.0,2.0,,1,False
VER,3,Red Bull Racing,7.0,,,44.773,50.771,263.0,107.0,260.0,SOFT,1.0,3.0,,1,False
VER,3,Red Bull Racing,8.0,95.25,24.504,31.456,39.29,294.0,146.0,310.0,SOFT,2.0,3.0,,1,True
VER,3,Red Bull Racing,9.0,113.112,28.31,35.765,49.037,259.0,135.0,284.0,SOFT,3.0,3.0,,1,False
VER,3,Red Bull Racing,10.0,,,45.3,47.583,201.0,108.0,264.0,SOFT,1.0,4.0,,1,False
VER,3,Red Bull Racing,11.0,95.13,24.609,31.505,39.016,292.0,148.0,306.0,SOFT,2.0,4.0,,1,True
VER,3,Red Bull Racing,12.0,134.987,33.878,41.826,59.283,211.0,127.0,189.0,SOFT,3.0,4.0,,1,False
HAM,44,Ferrari,1.0,,,43.841,52.988,226.0,88.0,262.0,MEDIUM,1.0,1.0,,1,False
HAM,44,Ferrari,2.0,96.595,25.083,31.809,39.703,288.0,143.0,308.0,MEDIUM,2.0,1.0,,1,True
HAM,44,Ferrari,3.0,129.677,31.453,43.939,54.285,229.0,109.0,220.0,MEDIUM,3.0,1.0,,1,False
HAM,44,Ferrari,4.0,,,44.953,47.421,235.0,106.0,266.0,SOFT,1.0,2.0,,1,False
HAM,44,Ferrari,5.0,96.032,24.901,31.594,39.537,287.0,146.0,309.0,SOFT,2.0,2.0,,1,True
HAM,44,Ferrari,6.0,119.145,29.683,35.418,54.044,269.0,131.0,216.0,SOFT,3.0,2.0,,1,False
HAM,44,Ferrari,7.0,,,43.763,55.404,254.0,98.0,254.0,SOFT,4.0,3.0,,1,False
HAM,44,Ferrari,8.0,97.245,25.281,32.267,39.697,285.0,140.0,316.0,SOFT,5.0,3.0,,1,True
HAM,44,Ferrari,9.0,123.491,27.486,41.227,54.778,195.0,123.0,271.0,SOFT,6.0,3.0,,1,False
HAM,44,Ferrari,10.0,,,43.173,48.766,236.0,95.0,267.0,SOFT,1.0,4.0,,1,False
HAM,44,Ferrari,11.0,95.745,24.933,31.358,39.454,288.0,146.0,304.0,SOFT,2.0,4.0,,1,True
HAM,44,Ferrari,12.0,115.013,28.457,35.761,50.795,268.0,134.0,236.0,SOFT,3.0,4.0,,1,False
HAM,44,Ferrari,13.0,,,43.013,52.76,244.0,84.0,211.0,SOFT,1.0,5.0,,1,False
HAM,44,Ferrari,14.0,95.428,24.747,31.201,39.48,287.0,145.0,300.0,SOFT,2.0,5.0,,1,True
HAM,44,Ferrari,15.0,134.694,30.044,41.905,62.745,239.0,112.0,212.0,SOFT,3.0,5.0,,1,False
HAD,6,Red Bull Racing,1.0,,,39.31,57.991,269.0,94.0,261.0,SOFT,1.0,1.0,,1,False
HAD,6,Red Bull Racing,2.0,96.898,25.135,32.106,39.657,296.0,142.0,311.0,SOFT,2.0,1.0,,1,True
HAD,6,Red Bull Racing,3.0,134.706,34.885,43.753,56.068,198.0,109.0,261.0,SOFT,3.0,1.0,,1,False
HAD,6,Red Bull Racing,4.0,,,41.079,48.24,223.0,110.0,270.0,SOFT,1.0,2.0,,1,False
HAD,6,Red Bull Racing,5.0,96.192,24.839,31.782,39.571,293.0,145.0,309.0,SOFT,2.0,2.0,,1,True
HAD,6,Red Bull Racing,6.0,128.898,30.393,43.212,55.293,215.0,110.0,305.0,SOFT,3.0,2.0,,1,False
HAD,6,Red Bull Racing,7.0,,,40.999,49.672,252.0,107.0,281.0,SOFT,1.0,3.0,,1,False
HAD,6,Red Bull Racing,8.0,95.558,24.849,31.459,39.25,295.0,144.0,310.0,SOFT,2.0,3.0,,1,True
HAD,6,Red Bull Racing,9.0,123.614,29.146,40.336,54.132,232.0,120.0,262.0,SOFT,3.0,3.0,,1,False
HAD,6,Red Bull Racing,10.0,,,42.196,49.292,234.0,104.0,279.0,SOFT,1.0,4.0,,1,False
HAD,6,Red Bull Racing,11.0,95.559,24.854,31.474,39.231,292.0,145.0,306.0,SOFT,2.0,4.0,,1,True
HAD,6,Red Bull Racing,12.0,139.263,30.242,41.185,67.836,195.0,99.0,246.0,SOFT,3.0,4.0,,1,False
ANT,12,Mercedes,1.0,,,47.136,49.95,204.0,111.0,265.0,SOFT,1.0,1.0,,1,False
ANT,12,Mercedes,2.0,97.041,25.17,32.041,39.83,290.0,143.0,304.0,SOFT,2.0,1.0,,1,True
ANT,12,Mercedes,3.0,149.28,33.382,48.103,67.795,236.0,111.0,266.0,SOFT,3.0,1.0,,1,False
ANT,12,Mercedes,4.0,,,45.446,49.101,182.0,108.0,267.0,SOFT,1.0,2.0,,1,False
ANT,12,Mercedes,5.0,96.075,24.849,31.681,39.545,289.0,145.0,304.0,SOFT,2.0,2.0,,1,True
ANT,12,Mercedes,6.0,128.793,30.955,41.858,55.98,212.0,122.0,240.0,SOFT,3.0,2.0,,1,False
ANT,12,Mercedes,7.0,,,45.422,49.534,216.0,105.0,266.0,SOFT,1.0,3.0,,1,False
ANT,12,Mercedes,8.0,95.959,24.902,31.699,39.358,290.0,143.0,306.0,SOFT,2.0,3.0,,1,True
ANT,12,Mercedes,9.0,126.571,30.82,41.381,54.37,211.0,123.0,253.0,SOFT,3.0,3.0,,1,False
ANT,12,Mercedes,10.0,,,45.352,49.043,231.0,107.0,256.0,SOFT,1.0,4.0,,1,False
ANT,12,Mercedes,11.0,95.631,24.913,31.455,39.263,291.0,141.0,305.0,SOFT,2.0,4.0,,1,True
ANT,12,Mercedes,12.0,,33.698,41.218,,160.0,113.0,270.0,SOFT,3.0,4.0,,1,False
LEC,16,Ferrari,1.0,,,48.941,50.779,222.0,76.0,261.0,MEDIUM,1.0,1.0,,1,False
LEC,16,Ferrari,2.0,96.73,25.094,31.9,39.736,288.0,145.0,309.0,MEDIUM,2.0,1.0,,1,True
LEC,16,Ferrari,3.0,144.729,33.613,43.924,67.192,195.0,109.0,275.0,MEDIUM,3.0,1.0,,1,False
LEC,16,Ferrari,4.0,,,42.003,51.702,208.0,107.0,263.0,SOFT,1.0,2.0,,1,False
LEC,16,Ferrari,5.0,95.97,24.859,31.563,39.548,288.0,144.0,304.0,SOFT,2.0,2.0,,1,True
LEC,16,Ferrari,6.0,129.725,31.465,42.968,55.292,200.0,108.0,253.0,SOFT,3.0,2.0,,1,False
LEC,16,Ferrari,7.0,,,43.478,45.81,213.0,110.0,270.0,SOFT,1.0,3.0,,1,False
LEC,16,Ferrari,8.0,95.878,24.853,31.613,39.412,288.0,142.0,305.0,SOFT,2.0,3.0,,1,True
LEC,16,Ferrari,9.0,121.323,30.475,38.859,51.989,203.0,126.0,230.0,SOFT,3.0,3.0,,1,False
LEC,16,Ferrari,10.0,,,45.228,49.145,227.0,112.0,244.0,SOFT,1.0,4.0,,1,False
LEC,16,Ferrari,11.0,95.666,24.83,31.62,39.216,287.0,146.0,311.0,SOFT,2.0,4.0,,1,True
LEC,16,Ferrari,12.0,,31.877,44.362,,186.0,113.0,174.0,SOFT,3.0,4.0,,1,False
NOR,1,McLaren,1.0,,,43.233,52.592,119.0,120.0,266.0,SOFT,1.0,1.0,,1,False
NOR,1,McLaren,2.0,97.092,25.198,32.185,39.709,293.0,138.0,312.0,SOFT,2.0,1.0,,1,True
NOR,1,McLaren,3.0,131.991,32.582,42.496,56.913,197.0,115.0,219.0,SOFT,3.0,1.0,,1,False
NOR,1,McLaren,4.0,,,43.924,53.726,167.0,111.0,268.0,SOFT,1.0,2.0,,1,False
NOR,1,McLaren,5.0,96.173,24.958,31.674,39.541,292.0,146.0,308.0,SOFT,2.0,2.0,,1,True
NOR,1,McLaren,6.0,133.247,31.359,43.146,58.742,196.0,117.0,205.0,SOFT,3.0,2.0,,1,False
NOR,1,McLaren,7.0,,,45.847,51.331,175.0,110.0,277.0,SOFT,1.0,3.0,,1,False
NOR,1,McLaren,8.0,95.982,24.906,31.627,39.449,293.0,142.0,312.0,SOFT,2.0,3.0,,1,True
NOR,1,McLaren,9.0,133.045,31.712,44.616,56.717,186.0,113.0,215.0,SOFT,3.0,3.0,,1,False
NOR,1,McLaren,10.0,,,44.157,52.292,192.0,111.0,269.0,SOFT,1.0,4.0,,1,False
NOR,1,McLaren,11.0,95.757,24.934,31.481,39.342,291.0,141.0,310.0,SOFT,2.0,4.0,,1,True
NOR,1,McLaren,12.0,,34.379,46.499,,173.0,115.0,210.0,SOFT,3.0,4.0,,1,False
PIA,81,McLaren,1.0,,,48.858,48.992,177.0,104.0,272.0,SOFT,1.0,1.0,,1,False
PIA,81,McLaren,2.0,96.852,25.195,32.037,39.62,294.0,138.0,314.0,SOFT,2.0,1.0,,1,True
PIA,81,McLaren,3.0,137.328,31.946,45.024,60.358,186.0,104.0,207.0,SOFT,3.0,1.0,,1,False
PIA,81,McLaren,4.0,,,44.997,53.403,239.0,101.0,271.0,SOFT,1.0,2.0,,1,False
PIA,81,McLaren,5.0,96.02,24.855,31.664,39.501,292.0,142.0,311.0,SOFT,2.0,2.0,,1,True
PIA,81,McLaren,6.0,136.609,31.952,44.58,60.077,198.0,107.0,201.0,SOFT,3.0,2.0,,1,False
PIA,81,McLaren,7.0,,,45.103,52.884,246.0,99.0,274.0,SOFT,1.0,3.0,,1,False
PIA,81,McLaren,8.0,95.762,24.821,31.432,39.509,293.0,139.0,313.0,SOFT,2.0,3.0,,1,True
PIA,81,McLaren,9.0,129.311,30.945,41.192,57.174,216.0,115.0,224.0,SOFT,3.0,3.0,,1,False
PIA,81,McLaren,10.0,,,42.708,53.671,245.0,92.0,262.0,SOFT,1.0,4.0,,1,False
PIA,81,McLaren,11.0,95.887,24.951,31.483,39.453,294.0,143.0,314.0,SOFT,2.0,4.0,,1,True
PIA,81,McLaren,12.0,,33.558,44.544,,186.0,106.0,198.0,SOFT,3.0,4.0,,1,False
RUS,63,Mercedes,1.0,,,45.507,54.476,272.0,84.0,256.0,SOFT,1.0,1.0,,1,False
RUS,63,Mercedes,2.0,97.264,25.277,32.287,39.7,288.0,144.0,303.0,SOFT,2.0,1.0,,1,True
RUS,63,Mercedes,3.0,143.323,37.562,48.107,57.654,125.0,113.0,270.0,SOFT,3.0,1.0,,1,False
RUS,63,Mercedes,4.0,,,45.995,50.889,254.0,87.0,257.0,SOFT,1.0,2.0,,1,False
RUS,63,Mercedes,5.0,96.245,24.88,31.825,39.54,287.0,144.0,305.0,SOFT,2.0,2.0,,1,True
RUS,63,Mercedes,6.0,139.186,32.389,46.844,59.953,261.0,107.0,275.0,SOFT,3.0,2.0,,1,False
RUS,63,Mercedes,7.0,,,43.134,48.56,258.0,110.0,245.0,SOFT,1.0,3.0,,1,False
RUS,63,Mercedes,8.0,96.032,25.096,31.457,39.479,290.0,144.0,306.0,SOFT,2.0,3.0,,1,True
RUS,63,Mercedes,9.0,126.603,31.551,39.599,55.453,250.0,112.0,273.0,SOFT,3.0,3.0,,1,False
RUS,63,Mercedes,10.0,,,44.223,54.073,270.0,86.0,248.0,SOFT,1.0,4.0,,1,False
RUS,63,Mercedes,11.0,95.871,24.892,31.562,39.417,291.0,142.0,309.0,SOFT,2.0,4.0,,1,True
RUS,63,Mercedes,12.0,,36.077,43.719,,182.0,104.0,209.0,SOFT,3.0,4.0,,1,False
GAS,10,Alpine,1.0,,,45.973,54.322,193.0,75.0,240.0,SOFT,1.0,1.0,,1,False
GAS,10,Alpine,2.0,97.174,25.119,32.53,39.525,295.0,142.0,318.0,SOFT,2.0,1.0,,1,True
GAS,10,Alpine,3.0,140.312,33.757,46.976,59.579,182.0,106.0,246.0,SOFT,3.0,1.0,,1,False
GAS,10,Alpine,4.0,,,44.11,50.284,198.0,109.0,247.0,SOFT,4.0,2.0,,1,False
GAS,10,Alpine,5.0,97.72,25.138,32.758,39.824,296.0,138.0,321.0,SOFT,5.0,2.0,,1,True
GAS,10,Alpine,6.0,141.06,34.551,47.06,59.449,179.0,96.0,204.0,SOFT,6.0,2.0,,1,False
GAS,10,Alpine,7.0,,,44.729,52.56,190.0,100.0,239.0,SOFT,1.0,3.0,,1,False
GAS,10,Alpine,8.0,96.657,24.865,32.202,39.59,292.0,144.0,320.0,SOFT,2.0,3.0,,1,True
GAS,10,Alpine,9.0,141.656,33.486,47.545,60.625,180.0,106.0,254.0,SOFT,3.0,3.0,,1,False
GAS,10,Alpine,10.0,,,45.936,52.112,171.0,100.0,257.0,SOFT,1.0,4.0,,1,False
GAS,10,Alpine,11.0,96.41,24.888,32.163,39.359,293.0,146.0,319.0,SOFT,2.0,4.0,,1,True
GAS,10,Alpine,12.0,140.911,36.176,45.017,59.718,151.0,110.0,249.0,SOFT,3.0,4.0,,1,False
GAS,10,Alpine,13.0,,,45.585,50.441,174.0,98.0,262.0,SOFT,4.0,5.0,,1,False
GAS,10,Alpine,14.0,97.402,25.118,32.455,39.829,296.0,138.0,324.0,SOFT,5.0,5.0,,1,True
GAS,10,Alpine,15.0,137.32,32.322,44.652,60.346,190.0,106.0,195.0,SOFT,6.0,5.0,,1,False
GAS,10,Alpine,16.0,,,44.064,49.357,178.0,112.0,263.0,SOFT,4.0,6.0,,1,False
GAS,10,Alpine,17.0,97.21,25.065,32.415,39.73,293.0,139.0,322.0,SOFT,5.0,6.0,,1,True
GAS,10,Alpine,18.0,,33.72,46.391,,175.0,104.0,210.0,SOFT,6.0,6.0,,1,False
BOR,5,Audi,1.0,,,43.704,56.389,237.0,112.0,243.0,MEDIUM,1.0,1.0,,1,False
BOR,5,Audi,2.0,97.99,25.179,32.805,40.006,288.0,139.0,314.0,MEDIUM,2.0,1.0,,1,True
BOR,5,Audi,3.0,122.863,32.519,39.263,51.081,226.0,129.0,256.0,MEDIUM,3.0,1.0,,1,False
BOR,5,Audi,4.0,,,42.114,55.748,245.0,112.0,234.0,SOFT,1.0,2.0,,1,False
BOR,5,Audi,5.0,97.106,24.897,32.396,39.813,289.0,142.0,314.0,SOFT,2.0,2.0,,1,True
BOR,5,Audi,6.0,140.284,34.418,44.381,61.485,213.0,102.0,208.0,SOFT,3.0,2.0,,1,False
BOR,5,Audi,7.0,,,45.447,56.555,197.0,104.0,250.0,SOFT,1.0,3.0,,1,False
BOR,5,Audi,8.0,97.12,25.045,32.299,39.776,285.0,143.0,313.0,SOFT,2.0,3.0,,1,True
BOR,5,Audi,9.0,136.062,30.373,40.646,65.043,209.0,132.0,252.0,SOFT,3.0,3.0,,1,False
BOR,5,Audi,10.0,,,44.652,58.051,242.0,107.0,244.0,SOFT,1.0,4.0,,1,False
BOR,5,Audi,11.0,96.814,24.931,32.263,39.62,285.0,145.0,314.0,SOFT,2.0,4.0,,1,True
BOR,5,Audi,12.0,139.564,32.466,45.048,62.05,203.0,115.0,241.0,SOFT,3.0,4.0,,1,False
BOR,5,Audi,13.0,,,44.213,52.065,230.0,109.0,249.0,SOFT,4.0,5.0,,1,False
BOR,5,Audi,14.0,97.673,25.235,32.577,39.861,285.0,140.0,313.0,SOFT,5.0,5.0,,1,True
BOR,5,Audi,15.0,127.188,30.576,42.057,54.555,214.0,123.0,263.0,SOFT,6.0,5.0,,1,False
BOR,5,Audi,16.0,,,44.757,50.106,185.0,114.0,237.0,SOFT,4.0,6.0,,1,False
BOR,5,Audi,17.0,97.677,25.373,32.468,39.836,285.0,137.0,313.0,SOFT,5.0,6.0,,1,True
BOR,5,Audi,18.0,,34.668,44.482,,184.0,126.0,252.0,SOFT,6.0,6.0,,1,False
LAW,30,Racing Bulls,1.0,,,45.709,51.787,222.0,100.0,266.0,SOFT,1.0,1.0,,1,False
LAW,30,Racing Bulls,2.0,97.835,25.243,32.402,40.19,296.0,138.0,318.0,SOFT,2.0,1.0,,1,True
LAW,30,Racing Bulls,3.0,137.361,30.635,43.542,63.184,230.0,99.0,219.0,SOFT,3.0,1.0,,1,False
LAW,30,Racing Bulls,4.0,,,45.475,52.366,206.0,101.0,270.0,SOFT,1.0,2.0,,1,False
LAW,30,Racing Bulls,5.0,97.332,25.325,32.294,39.713,294.0,144.0,317.0,SOFT,2.0,2.0,,1,True
LAW,30,Racing Bulls,6.0,139.521,32.903,44.045,62.573,182.0,102.0,208.0,SOFT,3.0,2.0,,1,False
LAW,30,Racing Bulls,7.0,,,45.001,54.603,230.0,101.0,268.0,SOFT,4.0,3.0,,1,False
LAW,30,Racing Bulls,8.0,97.773,25.39,32.534,39.849,293.0,140.0,318.0,SOFT,5.0,3.0,,1,True
LAW,30,Racing Bulls,9.0,132.16,30.853,43.483,57.824,216.0,118.0,231.0,SOFT,6.0,3.0,,1,False
LAW,30,Racing Bulls,10.0,,,45.409,53.32,227.0,100.0,268.0,SOFT,1.0,4.0,,1,False
LAW,30,Racing Bulls,11.0,97.023,25.183,32.24,39.6,294.0,144.0,325.0,SOFT,2.0,4.0,,1,True
LAW,30,Racing Bulls,12.0,138.876,30.605,42.275,65.996,244.0,95.0,196.0,SOFT,3.0,4.0,,1,False
ALO,14,Aston Martin,1.0,,,49.031,52.62,261.0,89.0,268.0,SOFT,1.0,1.0,,1,False
ALO,14,Aston Martin,2.0,97.914,25.319,32.638,39.957,283.0,147.0,300.0,SOFT,2.0,1.0,,1,True
ALO,14,Aston Martin,3.0,131.88,32.521,41.611,57.748,188.0,110.0,192.0,SOFT,3.0,1.0,,1,False
ALO,14,Aston Martin,4.0,,,45.812,53.681,262.0,101.0,268.0,SOFT,1.0,2.0,,1,False
ALO,14,Aston Martin,5.0,97.721,25.254,32.528,39.939,285.0,150.0,304.0,SOFT,2.0,2.0,,1,True
ALO,14,Aston Martin,6.0,128.25,32.416,38.725,57.109,183.0,119.0,175.0,SOFT,3.0,2.0,,1,False
ALO,14,Aston Martin,7.0,,,48.633,53.54,268.0,98.0,271.0,SOFT,1.0,3.0,,1,False
ALO,14,Aston Martin,8.0,97.22,25.134,32.347,39.739,285.0,146.0,305.0,SOFT,2.0,3.0,,1,True
ALO,14,Aston Martin,9.0,148.264,32.615,43.74,71.909,150.0,113.0,162.0,SOFT,3.0,3.0,,1,False
SAI,55,Williams,1.0,,,45.133,52.443,250.0,106.0,262.0,SOFT,1.0,1.0,,1,False
SAI,55,Williams,2.0,98.102,25.113,32.879,40.11,292.0,142.0,314.0,SOFT,2.0,1.0,,1,True
SAI,55,Williams,3.0,129.387,30.569,40.083,58.735,231.0,114.0,276.0,SOFT,3.0,1.0,,1,False
SAI,55,Williams,4.0,,,42.517,51.174,254.0,107.0,261.0,SOFT,1.0,2.0,,1,False
SAI,55,Williams,5.0,97.651,25.043,32.726,39.882,293.0,142.0,314.0,SOFT,2.0,2.0,,1,True
SAI,55,Williams,6.0,129.717,31.625,40.754,57.338,223.0,115.0,199.0,SOFT,3.0,2.0,,1,False
SAI,55,Williams,7.0,,,43.526,50.463,255.0,89.0,264.0,SOFT,4.0,3.0,,1,False
SAI,55,Williams,8.0,98.88,25.256,33.357,40.267,289.0,146.0,316.0,SOFT,5.0,3.0,,1,True
SAI,55,Williams,9.0,136.059,29.741,41.459,64.859,232.0,112.0,273.0,SOFT,6.0,3.0,,1,False
SAI,55,Williams,10.0,,,41.591,49.606,271.0,108.0,252.0,SOFT,1.0,4.0,,1,False
SAI,55,Williams,11.0,97.527,25.021,32.645,39.861,290.0,144.0,311.0,SOFT,2.0,4.0,,1,True
SAI,55,Williams,12.0,138.89,31.99,45.431,61.469,187.0,113.0,180.0,SOFT,3.0,4.0,,1,False
STR,18,Aston Martin,1.0,,,51.395,49.471,163.0,101.0,260.0,SOFT,1.0,1.0,,1,False
STR,18,Aston Martin,2.0,99.113,25.553,33.064,40.496,286.0,137.0,304.0,SOFT,2.0,1.0,,1,True
STR,18,Aston Martin,3.0,124.524,30.451,40.099,53.974,240.0,108.0,254.0,SOFT,3.0,1.0,,1,False
STR,18,Aston Martin,4.0,,,52.41,50.995,201.0,93.0,265.0,SOFT,1.0,2.0,,1,False
STR,18,Aston Martin,5.0,97.729,25.356,32.467,39.906,287.0,143.0,303.0,SOFT,2.0,2.0,,1,True
STR,18,Aston Martin,6.0,130.135,29.789,41.849,58.497,202.0,105.0,212.0,SOFT,3.0,2.0,,1,False
STR,18,Aston Martin,7.0,,,49.455,57.915,164.0,95.0,246.0,SOFT,4.0,3.0,,1,False
STR,18,Aston Martin,8.0,98.807,25.634,32.899,40.274,284.0,139.0,303.0,SOFT,5.0,3.0,,1,True
STR,18,Aston Martin,9.0,124.123,29.032,39.34,55.751,234.0,107.0,245.0,SOFT,6.0,3.0,,1,False
STR,18,Aston Martin,10.0,,,48.112,52.386,181.0,92.0,262.0,SOFT,1.0,4.0,,1,False
STR,18,Aston Martin,11.0,97.566,25.157,32.599,39.81,287.0,144.0,305.0,SOFT,2.0,4.0,,1,True
STR,18,Aston Martin,12.0,136.025,30.054,44.096,61.875,193.0,103.0,162.0,SOFT,3.0,4.0,,1,False
COL,43,Alpine,1.0,,,45.648,50.747,223.0,107.0,246.0,SOFT,1.0,1.0,,1,False
COL,43,Alpine,2.0,97.961,25.22,32.648,40.093,294.0,135.0,320.0,SOFT,2.0,1.0,,1,True
COL,43,Alpine,3.0,140.181,34.074,44.299,61.808,181.0,108.0,195.0,SOFT,3.0,1.0,,1,False
COL,43,Alpine,4.0,,,45.395,47.819,240.0,114.0,265.0,SOFT,1.0,2.0,,1,False
COL,43,Alpine,5.0,97.179,24.988,32.533,39.658,298.0,140.0,320.0,SOFT,2.0,2.0,,1,True
COL,43,Alpine,6.0,,34.891,46.208,,153.0,109.0,202.0,SOFT,3.0,2.0,,1,False
COL,43,Alpine,7.0,,,48.85,54.477,213.0,96.0,185.0,SOFT,3.0,3.0,,1,False
COL,43,Alpine,8.0,108.421,25.41,32.937,50.074,294.0,138.0,291.0,SOFT,4.0,3.0,,1,False
LIN,41,Racing Bulls,1.0,,,43.218,54.894,226.0,92.0,244.0,SOFT,1.0,1.0,,1,False
LIN,41,Racing Bulls,2.0,97.883,25.28,32.605,39.998,291.0,141.0,313.0,SOFT,2.0,1.0,,1,True
LIN,41,Racing Bulls,3.0,123.581,33.821,38.427,51.333,258.0,125.0,277.0,SOFT,3.0,1.0,,1,False
LIN,41,Racing Bulls,4.0,,,43.784,52.323,236.0,87.0,252.0,SOFT,1.0,2.0,,1,False
LIN,41,Racing Bulls,5.0,105.015,25.009,32.214,47.792,295.0,144.0,317.0,SOFT,2.0,2.0,,1,False
LIN,41,Racing Bulls,6.0,,,44.264,55.731,202.0,102.0,255.0,SOFT,4.0,3.0,,1,False
LIN,41,Racing Bulls,7.0,126.6,25.421,32.835,68.344,293.0,137.0,279.0,SOFT,5.0,3.0,,1,False
LIN,41,Racing Bulls,8.0,,,43.182,55.079,228.0,90.0,244.0,SOFT,6.0,4.0,,1,False
LIN,41,Racing Bulls,9.0,114.809,25.506,34.283,55.02,291.0,105.0,315.0,SOFT,7.0,4.0,,1,False
HUL,27,Audi,1.0,,,43.158,57.911,206.0,104.0,240.0,MEDIUM,1.0,1.0,,1,False
HUL,27,Audi,2.0,98.227,25.375,32.758,40.094,287.0,143.0,313.0,MEDIUM,2.0,1.0,,1,True
HUL,27,Audi,3.0,120.997,31.567,38.834,50.596,232.0,124.0,272.0,MEDIUM,3.0,1.0,,1,False
HUL,27,Audi,4.0,,,42.062,53.702,226.0,106.0,241.0,SOFT,1.0,2.0,,1,False
HUL,27,Audi,5.0,97.97,25.17,32.262,40.538,288.0,141.0,309.0,SOFT,2.0,2.0,,1,True
HUL,27,Audi,6.0,135.663,34.177,43.295,58.191,174.0,115.0,211.0,SOFT,3.0,2.0,,1,False
BEA,87,Haas F1 Team,1.0,,,44.127,49.926,199.0,109.0,246.0,SOFT,1.0,1.0,,1,False
BEA,87,Haas F1 Team,2.0,98.994,25.461,33.082,40.451,287.0,143.0,314.0,SOFT,2.0,1.0,,1,True
BEA,87,Haas F1 Team,3.0,130.573,28.109,37.054,65.41,278.0,115.0,276.0,SOFT,3.0,1.0,,1,False
BEA,87,Haas F1 Team,4.0,,83.938,47.109,50.682,199.0,105.0,230.0,SOFT,1.0,2.0,,1,False
BEA,87,Haas F1 Team,5.0,99.78,25.871,33.019,40.89,284.0,144.0,325.0,SOFT,2.0,2.0,,1,True
BEA,87,Haas F1 Team,6.0,113.948,28.284,35.394,50.27,281.0,134.0,270.0,SOFT,3.0,2.0,,1,False
BEA,87,Haas F1 Team,7.0,,,42.628,54.042,199.0,96.0,217.0,SOFT,1.0,3.0,,1,False
BEA,87,Haas F1 Team,8.0,97.98,25.276,32.511,40.193,291.0,145.0,319.0,SOFT,2.0,3.0,,1,True
BEA,87,Haas F1 Team,9.0,129.623,32.358,41.369,55.896,208.0,123.0,237.0,SOFT,3.0,3.0,,1,False
OCO,31,Haas F1 Team,1.0,,,46.703,50.903,199.0,105.0,270.0,SOFT,1.0,1.0,,1,False
OCO,31,Haas F1 Team,2.0,98.879,25.488,32.895,40.496,288.0,146.0,314.0,SOFT,2.0,1.0,,1,True
OCO,31,Haas F1 Team,3.0,124.739,27.927,40.048,56.764,255.0,119.0,273.0,SOFT,3.0,1.0,,1,False
OCO,31,Haas F1 Team,4.0,,65.319,48.412,51.949,199.0,101.0,272.0,SOFT,1.0,2.0,,1,False
OCO,31,Haas F1 Team,5.0,98.595,25.492,32.831,40.272,289.0,141.0,323.0,SOFT,2.0,2.0,,1,True
OCO,31,Haas F1 Team,6.0,129.554,29.437,42.089,58.028,220.0,119.0,221.0,SOFT,3.0,2.0,,1,False
OCO,31,Haas F1 Team,7.0,,,47.69,52.741,199.0,100.0,268.0,SOFT,1.0,3.0,,1,False
OCO,31,Haas F1 Team,8.0,98.233,25.359,32.69,40.184,289.0,143.0,318.0,SOFT,2.0,3.0,,1,True
OCO,31,Haas F1 Team,9.0,133.054,30.401,41.73,60.923,213.0,119.0,205.0,SOFT,3.0,3.0,,1,False
ALB,23,Williams,1.0,,,44.372,53.922,258.0,70.0,252.0,SOFT,1.0,1.0,,1,False
ALB,23,Williams,2.0,98.848,25.141,33.182,40.525,291.0,139.0,314.0,SOFT,2.0,1.0,,1,True
ALB,23,Williams,3.0,125.515,30.823,42.136,52.556,219.0,129.0,273.0,SOFT,3.0,1.0,,1,False
ALB,23,Williams,4.0,,,41.523,51.478,259.0,97.0,266.0,SOFT,1.0,2.0,,1,False
ALB,23,Williams,5.0,98.6,25.126,32.839,40.635,292.0,142.0,307.0,SOFT,2.0,2.0,,1,True
ALB,23,Williams,6.0,144.791,32.739,38.628,73.424,216.0,126.0,166.0,SOFT,3.0,2.0,,1,False
BOT,77,Cadillac,1.0,,,46.113,50.945,251.0,119.0,275.0,SOFT,1.0,1.0,,1,False
BOT,77,Cadillac,2.0,99.542,25.629,33.261,40.652,287.0,139.0,329.0,SOFT,2.0,1.0,,1,True
BOT,77,Cadillac,3.0,136.127,29.64,39.971,66.516,227.0,116.0,249.0,SOFT,3.0,1.0,,1,False
BOT,77,Cadillac,4.0,,,49.327,52.281,251.0,95.0,269.0,SOFT,1.0,2.0,,1,False
BOT,77,Cadillac,5.0,98.611,25.562,32.816,40.233,286.0,141.0,327.0,SOFT,2.0,2.0,,1,True
BOT,77,Cadillac,6.0,131.839,32.069,43.474,56.296,207.0,110.0,219.0,SOFT,3.0,2.0,,1,False
PER,11,Cadillac,1.0,,,37.572,57.031,270.0,133.0,258.0,SOFT,1.0,1.0,,1,False
PER,11,Cadillac,2.0,99.74,25.597,33.449,40.694,289.0,138.0,321.0,SOFT,2.0,1.0,,1,True
PER,11,Cadillac,3.0,132.841,33.171,42.267,57.403,242.0,114.0,248.0,SOFT,3.0,1.0,,1,False
PER,11,Cadillac,4.0,,,51.805,51.249,224.0,93.0,261.0,SOFT,1.0,2.0,,1,False
PER,11,Cadillac,5.0,98.933,25.5,32.97,40.463,287.0,140.0,322.0,SOFT,2.0,2.0,,1,True
PER,11,Cadillac,6.0,129.736,31.22,40.551,57.965,251.0,112.0,240.0,SOFT,3.0,2.0,,1,False
