date,session_key,stop_duration,lap_number,lane_duration,driver_number,meeting_key,pit_duration,Driver
2026-10-04T08:37:10.054000+00:00,11731,,1,38.0,11,1308,38.0,PER
2026-10-04T08:39:45.441000+00:00,11731,,2,81.4,81,1308,81.4,PIA
2026-10-04T08:39:46.612000+00:00,11731,,2,73.8,5,1308,73.8,BOR
2026-10-04T08:39:47.394000+00:00,11731,,2,60.4,18,1308,60.4,STR
2026-10-04T08:39:48.755000+00:00,11731,,2,61.1,27,1308,61.1,HUL
2026-10-04T08:39:49.347000+00:00,11731,,2,41.7,11,1308,41.7,PER
2026-10-04T08:42:39.835000+00:00,11731,,3,38.0,16,1308,38.0,LEC
2026-10-04T08:51:35.267000+00:00,11731,,8,27.5,27,1308,27.5,HUL
2026-10-04T08:53:03.083000+00:00,11731,,9,27.7,12,1308,27.7,ANT
2026-10-04T08:53:03.936000+00:00,11731,,9,27.6,3,1308,27.6,VER
2026-10-04T08:53:09.402000+00:00,11731,,9,28.8,63,1308,28.8,RUS
2026-10-04T08:53:18.011000+00:00,11731,,9,28.1,6,1308,28.1,HAD
2026-10-04T08:53:27.230000+00:00,11731,,9,28.6,30,1308,28.6,LAW
2026-10-04T08:53:29.058000+00:00,11731,,9,28.6,31,1308,28.6,OCO
2026-10-04T08:53:33.964000+00:00,11731,,9,28.5,41,1308,28.5,LIN
2026-10-04T08:53:36.355000+00:00,11731,,9,32.0,55,1308,32.0,SAI
2026-10-04T08:53:41.292000+00:00,11731,,9,27.8,5,1308,27.8,BOR
2026-10-04T08:53:42.074000+00:00,11731,,9,29.2,81,1308,29.2,PIA
2026-10-04T08:53:44.246000+00:00,11731,,9,32.4,23,1308,32.4,ALB
2026-10-04T08:53:44.371000+00:00,11731,,9,28.0,18,1308,28.0,STR
2026-10-04T08:53:54.761000+00:00,11731,,9,29.8,11,1308,29.8,PER
2026-10-04T08:54:35.129000+00:00,11731,,9,30.7,1,1308,30.7,NOR
2026-10-04T08:54:38.098000+00:00,11731,,9,28.6,16,1308,28.6,LEC
2026-10-04T08:54:45.473000+00:00,11731,,9,28.3,14,1308,28.3,ALO
2026-10-04T08:55:02.958000+00:00,11731,,9,28.1,10,1308,28.1,GAS
2026-10-04T08:55:15.663000+00:00,11731,,9,27.9,43,1308,27.9,COL
2026-10-04T08:57:28.121000+00:00,11731,,10,28.5,87,1308,28.5,BEA
2026-10-04T09:06:45.044000+00:00,11731,,15,36.7,5,1308,36.7,BOR
2026-10-04T09:08:28.060000+00:00,11731,,16,27.6,23,1308,27.6,ALB
2026-10-04T09:12:02.883000+00:00,11731,,18,28.8,11,1308,28.8,PER
2026-10-04T09:17:41.922000+00:00,11731,,21,29.2,11,1308,29.2,PER
2026-10-04T09:22:26.387000+00:00,11731,,24,29.0,87,1308,29.0,BEA
2026-10-04T09:24:07.470000+00:00,11731,,25,27.7,10,1308,27.7,GAS
2026-10-04T09:25:51.298000+00:00,11731,,26,28.2,55,1308,28.2,SAI
2026-10-04T09:29:00.143000+00:00,11731,,28,27.9,16,1308,27.9,LEC
2026-10-04T09:29:07.330000+00:00,11731,,28,29.2,41,1308,29.2,LIN
2026-10-04T09:29:09.690000+00:00,11731,,28,28.3,18,1308,28.3,STR
2026-10-04T09:30:48.122000+00:00,11731,,29,29.0,31,1308,29.0,OCO
2026-10-04T09:31:25.607000+00:00,11731,,29,27.8,23,1308,27.8,ALB
2026-10-04T09:32:28.159000+00:00,11731,,30,28.0,30,1308,28.0,LAW
2026-10-04T09:33:50.222000+00:00,11731,,31,28.5,6,1308,28.5,HAD
2026-10-04T09:33:53.050000+00:00,11731,,31,27.8,44,1308,27.8,HAM
2026-10-04T09:34:20.478000+00:00,11731,,31,27.6,14,1308,27.6,ALO
2026-10-04T09:34:35.775000+00:00,11731,,31,27.6,43,1308,27.6,COL
2026-10-04T09:35:21.672000+00:00,11731,,32,27.6,63,1308,27.6,RUS
2026-10-04T09:36:04.356000+00:00,11731,,32,28.4,27,1308,28.4,HUL
2026-10-04T09:36:48.335000+00:00,11731,,33,27.8,3,1308,27.8,VER
2026-10-04T09:36:58.416000+00:00,11731,,33,27.6,12,1308,27.6,ANT
2026-10-04T09:37:36.043000+00:00,11731,,33,28.3,81,1308,28.3,PIA
2026-10-04T09:39:20.971000+00:00,11731,,34,28.2,1,1308,28.2,NOR
2026-10-04T09:40:33.670000+00:00,11731,,34,51.8,5,1308,51.8,BOR
2026-10-04T09:45:09.995000+00:00,11731,,37,27.8,10,1308,27.8,GAS
2026-10-04T09:46:51.448000+00:00,11731,,38,28.0,87,1308,28.0,BEA
2026-10-04T09:49:50.505000+00:00,11731,,39,31.3,11,1308,31.3,PER
2026-10-04T09:51:57.300000+00:00,11731,,41,28.4,31,1308,28.4,OCO
2026-10-04T09:53:50.988000+00:00,11731,,42,28.2,43,1308,28.2,COL
2026-10-04T09:54:12.879000+00:00,11731,,43,27.6,3,1308,27.6,VER
2026-10-04T09:54:13.269000+00:00,11731,,42,39.6,55,1308,39.6,SAI
2026-10-04T09:54:54.926000+00:00,11731,,43,28.0,44,1308,28.0,HAM
2026-10-04T09:55:13.551000+00:00,11731,,43,28.1,16,1308,28.1,LEC
2026-10-04T09:55:51.176000+00:00,11731,,43,28.0,41,1308,28.0,LIN
2026-10-04T09:55:53.520000+00:00,11731,,43,27.4,18,1308,27.4,STR
2026-10-04T09:56:41.504000+00:00,11731,,44,27.2,12,1308,27.2,ANT
2026-10-04T09:56:50.070000+00:00,11731,,44,27.7,63,1308,27.7,RUS
2026-10-04T09:57:06.708000+00:00,11731,,44,27.3,6,1308,27.3,HAD
2026-10-04T09:59:27.661000+00:00,11731,,44,27.7,5,1308,27.7,BOR
2026-10-04T09:59:42.614000+00:00,11731,,45,27.4,81,1308,27.4,PIA
2026-10-04T09:59:51.536000+00:00,11731,,45,27.8,1,1308,27.8,NOR
2026-10-04T10:00:03.114000+00:00,11731,,45,29.6,30,1308,29.6,LAW
2026-10-04T10:00:14.114000+00:00,11731,,45,27.8,14,1308,27.8,ALO
2026-10-04T10:00:15.927000+00:00,11731,,45,28.2,27,1308,28.2,HUL
2026-10-04T10:00:26.880000+00:00,11731,,44,28.9,11,1308,28.9,PER
2026-10-04T10:00:59.717000+00:00,11731,,45,28.3,10,1308,28.3,GAS
