Time,Category,Message,Status,Flag,Scope,Sector,RacingNumber,Lap
2026-10-04 06:19:14,Other,AWNINGS MAY BE USED,,,,,,1
2026-10-04 06:19:32,Other,LOW GRIP DELTA ACTIVE,,,,,,1
2026-10-04 06:19:37,Other,LOW GRIP CONDITIONS,,,,,,1
2026-10-04 06:19:41,Other,OVERTAKE DISABLED,,,,,,1
2026-10-04 06:19:54,Other,CHANGE IN CLIMATIC CONDITIONS,,,,,,1
2026-10-04 06:20:01,Flag,GREEN LIGHT - PIT EXIT OPEN,,GREEN,Track,,,1
2026-10-04 06:30:01,Other,PIT EXIT CLOSED,,,,,,1
2026-10-04 06:34:22,Flag,DOUBLE YELLOW IN TRACK SECTOR 7,,DOUBLE YELLOW,Sector,7.0,,1
2026-10-04 06:34:22,Flag,YELLOW IN TRACK SECTOR 6,,YELLOW,Sector,6.0,,1
2026-10-04 06:34:37,Flag,CLEAR IN TRACK SECTOR 7,,CLEAR,Sector,7.0,,1
2026-10-04 06:34:37,Flag,CLEAR IN TRACK SECTOR 6,,CLEAR,Sector,6.0,,1
2026-10-04 06:42:05,Flag,DOUBLE YELLOW IN TRACK SECTOR 1,,DOUBLE YELLOW,Sector,1.0,,1
2026-10-04 06:42:05,Flag,YELLOW IN TRACK SECTOR 3,,YELLOW,Sector,3.0,,1
2026-10-04 06:42:05,Flag,DOUBLE YELLOW IN TRACK SECTOR 5,,DOUBLE YELLOW,Sector,5.0,,1
2026-10-04 06:42:05,Flag,DOUBLE YELLOW IN TRACK SECTOR 7,,DOUBLE YELLOW,Sector,7.0,,1
2026-10-04 06:42:05,Flag,YELLOW IN TRACK SECTOR 19,,YELLOW,Sector,19.0,,1
2026-10-04 06:42:05,Flag,YELLOW IN TRACK SECTOR 2,,YELLOW,Sector,2.0,,1
2026-10-04 06:42:05,Flag,YELLOW IN TRACK SECTOR 4,,YELLOW,Sector,4.0,,1
2026-10-04 06:42:05,Flag,YELLOW IN TRACK SECTOR 6,,YELLOW,Sector,6.0,,1
2026-10-04 06:42:05,Other,TRACK SURFACE SLIPPERY IN TRACK SECTOR 13,,,,,,1
2026-10-04 06:42:05,Flag,CLEAR IN TRACK SECTOR 5,,CLEAR,Sector,5.0,,1
2026-10-04 06:42:05,Flag,YELLOW IN TRACK SECTOR 18,,YELLOW,Sector,18.0,,1
2026-10-04 06:42:05,Flag,CLEAR IN TRACK SECTOR 4,,CLEAR,Sector,4.0,,1
2026-10-04 06:42:05,Flag,YELLOW IN TRACK SECTOR 17,,YELLOW,Sector,17.0,,1
2026-10-04 06:42:05,Flag,CLEAR IN TRACK SECTOR 7,,CLEAR,Sector,7.0,,1
2026-10-04 06:42:05,Flag,CLEAR IN TRACK SECTOR 18,,CLEAR,Sector,18.0,,1
2026-10-04 06:42:05,Flag,CLEAR IN TRACK SECTOR 6,,CLEAR,Sector,6.0,,1
2026-10-04 06:42:57,Other,DELAYED START,,,,,,1
2026-10-04 06:43:24,Flag,CLEAR IN TRACK SECTOR 17,,CLEAR,Sector,17.0,,1
2026-10-04 06:43:27,Flag,CLEAR IN TRACK SECTOR 1,,CLEAR,Sector,1.0,,1
2026-10-04 06:43:27,Flag,CLEAR IN TRACK SECTOR 19,,CLEAR,Sector,19.0,,1
2026-10-04 06:43:29,Flag,CLEAR IN TRACK SECTOR 2,,CLEAR,Sector,2.0,,1
2026-10-04 06:43:33,Flag,CLEAR IN TRACK SECTOR 3,,CLEAR,Sector,3.0,,1
2026-10-04 06:43:51,Flag,CLEAR IN TRACK SECTOR 13,,CLEAR,Sector,13.0,,1
2026-10-04 06:43:52,Other,TRACK SURFACE SLIPPERY IN TRACK SECTOR 5,,,,,,1
2026-10-04 06:45:08,Flag,CLEAR IN TRACK SECTOR 5,,CLEAR,Sector,5.0,,1
2026-10-04 06:45:08,Flag,YELLOW IN TRACK SECTOR 13,,YELLOW,Sector,13.0,,1
2026-10-04 06:45:08,Flag,YELLOW IN TRACK SECTOR 12,,YELLOW,Sector,12.0,,1
2026-10-04 06:46:08,Flag,CLEAR IN TRACK SECTOR 13,,CLEAR,Sector,13.0,,1
2026-10-04 06:46:08,Flag,CLEAR IN TRACK SECTOR 12,,CLEAR,Sector,12.0,,1
2026-10-04 06:47:09,Other,RISK OF RAIN FOR THE F1 RACE IS 90%,,,,,,1
2026-10-04 06:47:32,Flag,CLEAR IN TRACK SECTOR 5,,CLEAR,Sector,5.0,,1
2026-10-04 06:53:33,Other,WEATHER RADAR SYSTEM NOT AVAILABLE ,,,,,,1
2026-10-04 06:54:36,Other,TRACK SURFACE SLIPPERY IN TRACK SECTOR 5,,,,,,1
2026-10-04 06:56:34,Flag,CLEAR IN TRACK SECTOR 5,,CLEAR,Sector,5.0,,1
2026-10-04 07:08:30,Other,WEATHER RADAR SYSTEM NOW OPERATIONAL,,,,,,1
2026-10-04 07:09:51,Flag,DOUBLE YELLOW IN TRACK SECTOR 3,,DOUBLE YELLOW,Sector,3.0,,1
2026-10-04 07:09:51,Flag,YELLOW IN TRACK SECTOR 2,,YELLOW,Sector,2.0,,1
2026-10-04 07:10:42,Flag,DOUBLE YELLOW IN TRACK SECTOR 9,,DOUBLE YELLOW,Sector,9.0,,1
2026-10-04 07:10:42,Flag,YELLOW IN TRACK SECTOR 8,,YELLOW,Sector,8.0,,1
2026-10-04 07:11:01,Flag,DOUBLE YELLOW IN TRACK SECTOR 6,,DOUBLE YELLOW,Sector,6.0,,1
2026-10-04 07:11:01,Flag,YELLOW IN TRACK SECTOR 5,,YELLOW,Sector,5.0,,1
2026-10-04 07:11:20,Flag,YELLOW IN TRACK SECTOR 13,,YELLOW,Sector,13.0,,1
2026-10-04 07:11:20,Flag,YELLOW IN TRACK SECTOR 12,,YELLOW,Sector,12.0,,1
2026-10-04 07:11:27,Flag,DOUBLE YELLOW IN TRACK SECTOR 13,,DOUBLE YELLOW,Sector,13.0,,1
2026-10-04 07:11:30,Flag,DOUBLE YELLOW IN TRACK SECTOR 4,,DOUBLE YELLOW,Sector,4.0,,1
2026-10-04 07:12:37,Flag,YELLOW IN TRACK SECTOR 17,,YELLOW,Sector,17.0,,1
2026-10-04 07:12:37,Flag,YELLOW IN TRACK SECTOR 16,,YELLOW,Sector,16.0,,1
2026-10-04 07:14:00,Flag,DOUBLE YELLOW IN TRACK SECTOR 16,,DOUBLE YELLOW,Sector,16.0,,1
2026-10-04 07:14:00,Flag,DOUBLE YELLOW IN TRACK SECTOR 19,,DOUBLE YELLOW,Sector,19.0,,1
2026-10-04 07:14:00,Flag,YELLOW IN TRACK SECTOR 15,,YELLOW,Sector,15.0,,1
2026-10-04 07:14:00,Flag,YELLOW IN TRACK SECTOR 18,,YELLOW,Sector,18.0,,1
2026-10-04 07:14:03,Flag,YELLOW IN TRACK SECTOR 7,,YELLOW,Sector,7.0,,1
2026-10-04 07:14:38,Flag,CLEAR IN TRACK SECTOR 4,,CLEAR,Sector,4.0,,1
2026-10-04 07:14:52,Flag,DOUBLE YELLOW IN TRACK SECTOR 14,,DOUBLE YELLOW,Sector,14.0,,1
2026-10-04 07:15:08,Flag,CLEAR IN TRACK SECTOR 14,,CLEAR,Sector,14.0,,1
2026-10-04 07:15:32,Flag,DOUBLE YELLOW IN TRACK SECTOR 15,,DOUBLE YELLOW,Sector,15.0,,1
2026-10-04 07:15:32,Flag,YELLOW IN TRACK SECTOR 14,,YELLOW,Sector,14.0,,1
2026-10-04 07:15:41,Flag,DOUBLE YELLOW IN TRACK SECTOR 14,,DOUBLE YELLOW,Sector,14.0,,1
2026-10-04 07:16:02,Flag,YELLOW IN TRACK SECTOR 14,,YELLOW,Sector,14.0,,1
2026-10-04 07:16:03,Flag,DOUBLE YELLOW IN TRACK SECTOR 14,,DOUBLE YELLOW,Sector,14.0,,1
2026-10-04 07:16:21,Flag,CLEAR IN TRACK SECTOR 3,,CLEAR,Sector,3.0,,1
2026-10-04 07:16:21,Flag,CLEAR IN TRACK SECTOR 2,,CLEAR,Sector,2.0,,1
2026-10-04 07:16:56,Flag,CLEAR IN TRACK SECTOR 7,,CLEAR,Sector,7.0,,1
2026-10-04 07:16:58,Flag,DOUBLE YELLOW IN TRACK SECTOR 18,,DOUBLE YELLOW,Sector,18.0,,1
2026-10-04 07:17:08,Flag,YELLOW IN TRACK SECTOR 14,,YELLOW,Sector,14.0,,1
2026-10-04 07:17:17,Flag,CLEAR IN TRACK SECTOR 17,,CLEAR,Sector,17.0,,1
2026-10-04 07:17:18,Flag,DOUBLE YELLOW IN TRACK SECTOR 17,,DOUBLE YELLOW,Sector,17.0,,1
2026-10-04 07:17:22,Flag,YELLOW IN TRACK SECTOR 18,,YELLOW,Sector,18.0,,1
2026-10-04 07:17:47,Flag,YELLOW IN TRACK SECTOR 2,,YELLOW,Sector,2.0,,1
2026-10-04 07:17:47,Flag,YELLOW IN TRACK SECTOR 1,,YELLOW,Sector,1.0,,1
2026-10-04 07:17:57,Flag,DOUBLE YELLOW IN TRACK SECTOR 12,,DOUBLE YELLOW,Sector,12.0,,1
2026-10-04 07:17:57,Flag,YELLOW IN TRACK SECTOR 11,,YELLOW,Sector,11.0,,1
2026-10-04 07:18:03,Flag,YELLOW IN TRACK SECTOR 12,,YELLOW,Sector,12.0,,1
2026-10-04 07:18:11,Flag,CLEAR IN TRACK SECTOR 2,,CLEAR,Sector,2.0,,1
2026-10-04 07:18:11,Flag,CLEAR IN TRACK SECTOR 1,,CLEAR,Sector,1.0,,1
2026-10-04 07:18:42,Flag,YELLOW IN TRACK SECTOR 3,,YELLOW,Sector,3.0,,1
2026-10-04 07:18:42,Flag,YELLOW IN TRACK SECTOR 2,,YELLOW,Sector,2.0,,1
2026-10-04 07:18:51,Flag,CLEAR IN TRACK SECTOR 3,,CLEAR,Sector,3.0,,1
2026-10-04 07:18:51,Flag,CLEAR IN TRACK SECTOR 2,,CLEAR,Sector,2.0,,1
2026-10-04 07:18:56,Flag,YELLOW IN TRACK SECTOR 4,,YELLOW,Sector,4.0,,1
2026-10-04 07:18:56,Flag,YELLOW IN TRACK SECTOR 3,,YELLOW,Sector,3.0,,1
2026-10-04 07:18:56,Flag,CLEAR IN TRACK SECTOR 4,,CLEAR,Sector,4.0,,1
2026-10-04 07:18:56,Flag,CLEAR IN TRACK SECTOR 3,,CLEAR,Sector,3.0,,1
2026-10-04 07:18:59,Flag,YELLOW IN TRACK SECTOR 4,,YELLOW,Sector,4.0,,1
2026-10-04 07:18:59,Flag,YELLOW IN TRACK SECTOR 3,,YELLOW,Sector,3.0,,1
2026-10-04 07:19:01,Flag,CLEAR IN TRACK SECTOR 4,,CLEAR,Sector,4.0,,1
2026-10-04 07:19:01,Flag,CLEAR IN TRACK SECTOR 3,,CLEAR,Sector,3.0,,1
2026-10-04 07:19:34,Flag,CLEAR IN TRACK SECTOR 19,,CLEAR,Sector,19.0,,1
2026-10-04 07:20:02,Flag,YELLOW IN TRACK SECTOR 7,,YELLOW,Sector,7.0,,1
2026-10-04 07:20:10,Flag,CLEAR IN TRACK SECTOR 7,,CLEAR,Sector,7.0,,1
2026-10-04 07:20:17,Flag,CLEAR IN TRACK SECTOR 17,,CLEAR,Sector,17.0,,1
2026-10-04 07:20:18,Flag,DOUBLE YELLOW IN TRACK SECTOR 17,,DOUBLE YELLOW,Sector,17.0,,1
2026-10-04 07:20:30,Flag,YELLOW IN TRACK SECTOR 17,,YELLOW,Sector,17.0,,1
2026-10-04 07:20:31,Flag,YELLOW IN TRACK SECTOR 15,,YELLOW,Sector,15.0,,1
2026-10-04 07:20:33,Flag,YELLOW IN TRACK SECTOR 10,,YELLOW,Sector,10.0,,1
2026-10-04 07:20:36,Flag,CLEAR IN TRACK SECTOR 17,,CLEAR,Sector,17.0,,1
2026-10-04 07:20:37,Flag,CLEAR IN TRACK SECTOR 10,,CLEAR,Sector,10.0,,1
2026-10-04 07:21:22,Flag,YELLOW IN TRACK SECTOR 16,,YELLOW,Sector,16.0,,1
2026-10-04 07:25:30,Flag,DOUBLE YELLOW IN TRACK SECTOR 12,,DOUBLE YELLOW,Sector,12.0,,1
2026-10-04 07:25:52,Flag,YELLOW IN TRACK SECTOR 12,,YELLOW,Sector,12.0,,1
2026-10-04 07:27:49,Flag,CLEAR IN TRACK SECTOR 6,,CLEAR,Sector,6.0,,1
2026-10-04 07:27:49,Flag,CLEAR IN TRACK SECTOR 5,,CLEAR,Sector,5.0,,1
2026-10-04 07:28:33,Flag,DOUBLE YELLOW IN TRACK SECTOR 16,,DOUBLE YELLOW,Sector,16.0,,1
2026-10-04 07:28:34,Flag,YELLOW IN TRACK SECTOR 16,,YELLOW,Sector,16.0,,1
2026-10-04 07:29:14,Flag,DOUBLE YELLOW IN TRACK SECTOR 18,,DOUBLE YELLOW,Sector,18.0,,1
2026-10-04 07:29:14,Flag,YELLOW IN TRACK SECTOR 17,,YELLOW,Sector,17.0,,1
2026-10-04 07:29:20,Flag,YELLOW IN TRACK SECTOR 18,,YELLOW,Sector,18.0,,1
2026-10-04 07:30:01,Flag,CLEAR IN TRACK SECTOR 13,,CLEAR,Sector,13.0,,1
2026-10-04 07:30:05,Other,FORMATION LAP WILL START AT 15:40,,,,,,1
2026-10-04 07:30:09,Flag,DOUBLE YELLOW IN TRACK SECTOR 12,,DOUBLE YELLOW,Sector,12.0,,1
2026-10-04 07:30:10,Flag,YELLOW IN TRACK SECTOR 12,,YELLOW,Sector,12.0,,1
2026-10-04 07:31:23,Flag,CLEAR IN TRACK SECTOR 9,,CLEAR,Sector,9.0,,1
2026-10-04 07:31:23,Flag,CLEAR IN TRACK SECTOR 8,,CLEAR,Sector,8.0,,1
2026-10-04 07:31:34,Flag,YELLOW IN TRACK SECTOR 13,,YELLOW,Sector,13.0,,1
2026-10-04 07:31:43,Flag,DOUBLE YELLOW IN TRACK SECTOR 9,,DOUBLE YELLOW,Sector,9.0,,1
2026-10-04 07:31:43,Flag,YELLOW IN TRACK SECTOR 8,,YELLOW,Sector,8.0,,1
2026-10-04 07:31:44,Flag,CLEAR IN TRACK SECTOR 9,,CLEAR,Sector,9.0,,1
2026-10-04 07:31:44,Flag,CLEAR IN TRACK SECTOR 8,,CLEAR,Sector,8.0,,1
2026-10-04 07:31:55,Flag,DOUBLE YELLOW IN TRACK SECTOR 12,,DOUBLE YELLOW,Sector,12.0,,1
2026-10-04 07:31:58,Flag,YELLOW IN TRACK SECTOR 12,,YELLOW,Sector,12.0,,1
2026-10-04 07:32:12,Flag,DOUBLE YELLOW IN TRACK SECTOR 13,,DOUBLE YELLOW,Sector,13.0,,1
2026-10-04 07:32:13,Flag,CLEAR IN TRACK SECTOR 13,,CLEAR,Sector,13.0,,1
2026-10-04 07:32:24,Flag,DOUBLE YELLOW IN TRACK SECTOR 13,,DOUBLE YELLOW,Sector,13.0,,1
2026-10-04 07:32:28,Flag,CLEAR IN TRACK SECTOR 13,,CLEAR,Sector,13.0,,1
2026-10-04 07:32:33,Flag,YELLOW IN TRACK SECTOR 13,,YELLOW,Sector,13.0,,1
2026-10-04 07:32:37,Flag,DOUBLE YELLOW IN TRACK SECTOR 13,,DOUBLE YELLOW,Sector,13.0,,1
2026-10-04 07:32:43,Flag,CLEAR IN TRACK SECTOR 13,,CLEAR,Sector,13.0,,1
2026-10-04 07:32:46,Flag,YELLOW IN TRACK SECTOR 13,,YELLOW,Sector,13.0,,1
2026-10-04 07:32:59,Flag,CLEAR IN TRACK SECTOR 13,,CLEAR,Sector,13.0,,1
2026-10-04 07:34:59,Flag,YELLOW IN TRACK SECTOR 5,,YELLOW,Sector,5.0,,1
2026-10-04 07:34:59,Flag,YELLOW IN TRACK SECTOR 4,,YELLOW,Sector,4.0,,1
2026-10-04 07:35:02,Flag,CLEAR IN TRACK SECTOR 5,,CLEAR,Sector,5.0,,1
2026-10-04 07:35:02,Flag,CLEAR IN TRACK SECTOR 4,,CLEAR,Sector,4.0,,1
2026-10-04 07:35:03,Other,FORMATION LAP(S) BEHIND SAFETY CAR,,,,,,1
2026-10-04 07:35:33,Flag,CLEAR IN TRACK SECTOR 11,,CLEAR,Sector,11.0,,1
2026-10-04 07:35:35,Flag,CLEAR IN TRACK SECTOR 12,,CLEAR,Sector,12.0,,1
2026-10-04 07:35:37,Flag,CLEAR IN TRACK SECTOR 14,,CLEAR,Sector,14.0,,1
2026-10-04 07:35:39,Flag,CLEAR IN TRACK SECTOR 15,,CLEAR,Sector,15.0,,1
2026-10-04 07:35:40,Flag,YELLOW IN TRACK SECTOR 16,,YELLOW,Sector,16.0,,1
2026-10-04 07:35:42,Flag,CLEAR IN TRACK SECTOR 16,,CLEAR,Sector,16.0,,1
2026-10-04 07:35:44,Flag,CLEAR IN TRACK SECTOR 17,,CLEAR,Sector,17.0,,1
2026-10-04 07:35:46,Flag,CLEAR IN TRACK SECTOR 18,,CLEAR,Sector,18.0,,1
2026-10-04 07:35:49,Flag,YELLOW IN TRACK SECTOR 11,,YELLOW,Sector,11.0,,1
2026-10-04 07:35:49,Flag,YELLOW IN TRACK SECTOR 10,,YELLOW,Sector,10.0,,1
2026-10-04 07:35:53,Flag,CLEAR IN TRACK SECTOR 11,,CLEAR,Sector,11.0,,1
2026-10-04 07:35:53,Flag,CLEAR IN TRACK SECTOR 10,,CLEAR,Sector,10.0,,1
2026-10-04 07:35:56,Flag,YELLOW IN TRACK SECTOR 14,,YELLOW,Sector,14.0,,1
2026-10-04 07:35:56,Flag,YELLOW IN TRACK SECTOR 13,,YELLOW,Sector,13.0,,1
2026-10-04 07:36:00,Flag,CLEAR IN TRACK SECTOR 14,,CLEAR,Sector,14.0,,1
2026-10-04 07:36:00,Flag,CLEAR IN TRACK SECTOR 13,,CLEAR,Sector,13.0,,1
2026-10-04 07:36:02,Flag,YELLOW IN TRACK SECTOR 14,,YELLOW,Sector,14.0,,1
2026-10-04 07:36:02,Flag,YELLOW IN TRACK SECTOR 13,,YELLOW,Sector,13.0,,1
2026-10-04 07:36:03,Flag,CLEAR IN TRACK SECTOR 14,,CLEAR,Sector,14.0,,1
2026-10-04 07:36:03,Flag,CLEAR IN TRACK SECTOR 13,,CLEAR,Sector,13.0,,1
2026-10-04 07:45:11,Other,STARTING PROCEDURE SUSPENDED,,,,,,1
2026-10-04 08:04:01,Other,START ORDER: ORIGINAL GRID,,,,,,1
2026-10-04 08:18:07,Flag,DOUBLE YELLOW IN TRACK SECTOR 3,,DOUBLE YELLOW,Sector,3.0,,1
2026-10-04 08:18:07,Flag,YELLOW IN TRACK SECTOR 2,,YELLOW,Sector,2.0,,1
2026-10-04 08:22:26,Other,RACE WILL START AT 16:33,,,,,,1
2026-10-04 08:22:50,Flag,CLEAR IN TRACK SECTOR 3,,CLEAR,Sector,3.0,,1
2026-10-04 08:22:50,Flag,CLEAR IN TRACK SECTOR 2,,CLEAR,Sector,2.0,,1
2026-10-04 08:22:52,Flag,DOUBLE YELLOW IN TRACK SECTOR 3,,DOUBLE YELLOW,Sector,3.0,,1
2026-10-04 08:22:52,Flag,YELLOW IN TRACK SECTOR 2,,YELLOW,Sector,2.0,,1
2026-10-04 08:24:00,Flag,CLEAR IN TRACK SECTOR 3,,CLEAR,Sector,3.0,,1
2026-10-04 08:24:00,Flag,CLEAR IN TRACK SECTOR 2,,CLEAR,Sector,2.0,,1
2026-10-04 08:28:06,Other,SAFETY CAR LIGHTS ON,,,,,,1
2026-10-04 08:33:00,Other,RACE START,,,,,,1
2026-10-04 08:36:10,Other,MARSHALS ON TRACK AT TURN 11,,,,,,2
2026-10-04 08:36:24,Flag,DOUBLE YELLOW IN TRACK SECTOR 13,,DOUBLE YELLOW,Sector,13.0,,2
2026-10-04 08:36:24,Flag,YELLOW IN TRACK SECTOR 12,,YELLOW,Sector,12.0,,2
2026-10-04 08:36:34,Flag,CLEAR IN TRACK SECTOR 13,,CLEAR,Sector,13.0,,2
2026-10-04 08:36:34,Flag,CLEAR IN TRACK SECTOR 12,,CLEAR,Sector,12.0,,2
2026-10-04 08:36:37,Other,STANDING START,,,,,,2
2026-10-04 08:43:32,Other,TRACK SURFACE SLIPPERY IN TRACK SECTOR 5,,,,,,5
2026-10-04 08:44:32,Flag,CLEAR IN TRACK SECTOR 5,,CLEAR,Sector,5.0,,5
2026-10-04 08:45:23,Other,CAR 10 (GAS) TIME 2:21.833 DELETED - TRACK LIMITS AT TURN 12 LAP 3 16:41:19,,,,,,6
2026-10-04 08:45:26,Other,CAR 16 (LEC) LAP DELETED - TRACK LIMITS AT TURN 12 LAP 3 16:41:20 (PIT),,,,,,6
2026-10-04 08:45:29,Other,CAR 1 (NOR) TIME 2:06.772 DELETED - TRACK LIMITS AT TURN 12 LAP 4 16:43:25,,,,,,6
2026-10-04 08:46:05,Flag,DOUBLE YELLOW IN TRACK SECTOR 5,,DOUBLE YELLOW,Sector,5.0,,6
2026-10-04 08:46:05,Flag,YELLOW IN TRACK SECTOR 4,,YELLOW,Sector,4.0,,6
2026-10-04 08:46:07,Other,MARSHALS ON TRACK AT TURN 3,,,,,,6
2026-10-04 08:46:15,Flag,CLEAR IN TRACK SECTOR 5,,CLEAR,Sector,5.0,,6
2026-10-04 08:46:15,Flag,CLEAR IN TRACK SECTOR 4,,CLEAR,Sector,4.0,,6
2026-10-04 08:47:44,Other,TURN 9 INCIDENT INVOLVING CARS 16 (LEC) AND 27 (HUL) NOTED - CAUSING A COLLISION (16:40:50),,,,,,7
2026-10-04 08:48:13,Other,TRACK SURFACE SLIPPERY IN TRACK SECTOR 18,,,,,,7
2026-10-04 08:48:16,Other,TRACK SURFACE SLIPPERY IN TRACK SECTOR 19,,,,,,7
2026-10-04 08:49:18,Flag,DOUBLE YELLOW IN TRACK SECTOR 18,,DOUBLE YELLOW,Sector,18.0,,8
2026-10-04 08:49:18,Flag,YELLOW IN TRACK SECTOR 17,,YELLOW,Sector,17.0,,8
2026-10-04 08:49:19,Other,MARSHALS ON TRACK AT TURN 15,,,,,,8
2026-10-04 08:49:19,Other,TRACK SURFACE SLIPPERY IN TRACK SECTOR 18,,,,,,8
2026-10-04 08:49:23,Other,TRACK SURFACE SLIPPERY IN TRACK SECTOR 18,,,,,,8
2026-10-04 08:49:25,Flag,DOUBLE YELLOW IN TRACK SECTOR 18,,DOUBLE YELLOW,Sector,18.0,,8
2026-10-04 08:49:41,Other,TRACK SURFACE SLIPPERY IN TRACK SECTOR 18,,,,,,8
2026-10-04 08:49:41,Flag,CLEAR IN TRACK SECTOR 18,,CLEAR,Sector,18.0,,8
2026-10-04 08:49:43,Flag,CLEAR IN TRACK SECTOR 19,,CLEAR,Sector,19.0,,8
2026-10-04 08:49:44,Flag,CLEAR IN TRACK SECTOR 17,,CLEAR,Sector,17.0,,8
2026-10-04 08:49:56,Other,CAR 43 (COL) TIME 2:04.830 DELETED - TRACK LIMITS AT TURN 12 LAP 6 16:47:51,,,,,,8
2026-10-04 08:50:09,Other,FIA STEWARDS: TURN 9 INCIDENT INVOLVING CARS 16 (LEC) AND 27 (HUL) REVIEWED NO FURTHER INVESTIGATION - CAUSING A COLLISION (16:40:50),,,,,,8
2026-10-04 08:52:01,Flag,YELLOW IN TRACK SECTOR 15,,YELLOW,Sector,15.0,,9
2026-10-04 08:52:01,Flag,YELLOW IN TRACK SECTOR 14,,YELLOW,Sector,14.0,,9
2026-10-04 08:52:16,SafetyCar,SAFETY CAR DEPLOYED,DEPLOYED,,,,,9
2026-10-04 08:52:45,Flag,DOUBLE YELLOW IN TRACK SECTOR 15,,DOUBLE YELLOW,Sector,15.0,,10
2026-10-04 08:52:48,Other,MARSHALS ON TRACK AT TURN 14,,,,,,10
2026-10-04 08:53:04,Other,RECOVERY VEHICLE ON TRACK AT TURN 14,,,,,,10
2026-10-04 08:53:43,Flag,DOUBLE YELLOW IN TRACK SECTOR 14,,DOUBLE YELLOW,Sector,14.0,,10
2026-10-04 08:53:43,Flag,YELLOW IN TRACK SECTOR 13,,YELLOW,Sector,13.0,,10
2026-10-04 08:54:38,Other,CAR 27 (HUL) LAP DELETED - TRACK LIMITS AT TURN 12 LAP 8 16:50:34 (PIT),,,,,,10
2026-10-04 08:54:51,Flag,CLEAR IN TRACK SECTOR 15,,CLEAR,Sector,15.0,,10
2026-10-04 08:55:02,Flag,CLEAR IN TRACK SECTOR 14,,CLEAR,Sector,14.0,,10
2026-10-04 08:55:02,Flag,CLEAR IN TRACK SECTOR 13,,CLEAR,Sector,13.0,,10
2026-10-04 08:57:24,Other,MARSHALS ON TRACK AT TURN 9,,,,,,11
2026-10-04 08:57:27,Flag,DOUBLE YELLOW IN TRACK SECTOR 11,,DOUBLE YELLOW,Sector,11.0,,11
2026-10-04 08:57:27,Flag,YELLOW IN TRACK SECTOR 10,,YELLOW,Sector,10.0,,11
2026-10-04 08:57:44,Flag,CLEAR IN TRACK SECTOR 11,,CLEAR,Sector,11.0,,11
2026-10-04 08:57:44,Flag,CLEAR IN TRACK SECTOR 10,,CLEAR,Sector,10.0,,11
2026-10-04 08:58:50,SafetyCar,SAFETY CAR IN THIS LAP,IN THIS LAP,,,,,12
2026-10-04 08:59:29,Other,SAFETY CAR LIGHTS OFF,,,,,,12
2026-10-04 09:00:16,Flag,TRACK CLEAR,,CLEAR,Track,,,12
2026-10-04 09:00:46,Other,INCIDENT INVOLVING CAR 14 (ALO) NOTED - FALSE START - MOVING BEFORE SIGNAL (16:39:27),,,,,,13
2026-10-04 09:01:03,Flag,DOUBLE YELLOW IN TRACK SECTOR 4,,DOUBLE YELLOW,Sector,4.0,,13
2026-10-04 09:01:03,Flag,YELLOW IN TRACK SECTOR 3,,YELLOW,Sector,3.0,,13
2026-10-04 09:01:04,Flag,CLEAR IN TRACK SECTOR 4,,CLEAR,Sector,4.0,,13
2026-10-04 09:01:04,Flag,CLEAR IN TRACK SECTOR 3,,CLEAR,Sector,3.0,,13
2026-10-04 09:01:07,Flag,DOUBLE YELLOW IN TRACK SECTOR 4,,DOUBLE YELLOW,Sector,4.0,,13
2026-10-04 09:01:07,Flag,YELLOW IN TRACK SECTOR 3,,YELLOW,Sector,3.0,,13
2026-10-04 09:01:12,Flag,CLEAR IN TRACK SECTOR 4,,CLEAR,Sector,4.0,,13
2026-10-04 09:01:13,Flag,CLEAR IN TRACK SECTOR 3,,CLEAR,Sector,3.0,,13
2026-10-04 09:03:09,Other,TURN 2 INCIDENT INVOLVING CARS 5 (BOR) AND 55 (SAI) NOTED - CAUSING A COLLISION (17:01:01),,,,,,14
2026-10-04 09:04:45,Other,TRACK SURFACE SLIPPERY IN TRACK SECTOR 11,,,,,,15
2026-10-04 09:04:54,Other,NORMAL GRIP DELTA ACTIVE,,,,,,15
2026-10-04 09:04:57,Other,NORMAL GRIP CONDITIONS,,,,,,15
2026-10-04 09:05:00,Other,OVERTAKE ENABLED,,,,,,15
2026-10-04 09:05:48,Other,MARSHALS ON TRACK AT TURN 9,,,,,,15
2026-10-04 09:05:50,Flag,DOUBLE YELLOW IN TRACK SECTOR 11,,DOUBLE YELLOW,Sector,11.0,,15
2026-10-04 09:05:50,Flag,YELLOW IN TRACK SECTOR 10,,YELLOW,Sector,10.0,,15
2026-10-04 09:06:25,Flag,CLEAR IN TRACK SECTOR 11,,CLEAR,Sector,11.0,,16
2026-10-04 09:06:26,Flag,CLEAR IN TRACK SECTOR 10,,CLEAR,Sector,10.0,,16
2026-10-04 09:06:54,Other,FIA STEWARDS: INCIDENT INVOLVING CAR 14 (ALO) REVIEWED NO FURTHER INVESTIGATION - FALSE START - MOVING BEFORE SIGNAL (16:39:27),,,,,,16
2026-10-04 09:08:11,Other,INCIDENT INVOLVING CAR 23 (ALB) NOTED - DRIVING ERRATICALLY (16:53:01),,,,,,17
2026-10-04 09:09:13,Other,FIA STEWARDS: TURN 2 INCIDENT INVOLVING CARS 5 (BOR) AND 55 (SAI) UNDER INVESTIGATION - CAUSING A COLLISION (17:01:01),,,,,,17
2026-10-04 09:15:10,Other,FIA STEWARDS: 10 SECOND TIME PENALTY FOR CAR 5 (BOR) - CAUSING A COLLISION (17:01:01),,,,,,21
2026-10-04 09:17:47,Flag,WAVED BLUE FLAG FOR CAR 11 (PER) TIMED AT 17:17:46,,BLUE,Driver,,11,23
2026-10-04 09:18:13,Other,FIA STEWARDS: INCIDENT INVOLVING CAR 23 (ALB) WILL BE INVESTIGATED AFTER THE RACE - DRIVING ERRATICALLY (16:53:01),,,,,,23
2026-10-04 09:19:10,Other,CAR 87 (BEA) TIME 1:44.025 DELETED - TRACK LIMITS AT TURN 14 LAP 22 17:18:07,,,,,,23
2026-10-04 09:22:30,Other,CAR 12 (ANT) TIME 1:43.354 DELETED - TRACK LIMITS AT TURN 15 LAP 24 17:21:02,,,,,,25
2026-10-04 09:23:41,Flag,WAVED BLUE FLAG FOR CAR 11 (PER) TIMED AT 17:23:41,,BLUE,Driver,,11,26
2026-10-04 09:27:47,Other,CAR 10 (GAS) TIME 1:42.727 DELETED - TRACK LIMITS AT TURN 1 LAP 27 17:25:58,,,,,,28
2026-10-04 09:33:06,Flag,WAVED BLUE FLAG FOR CAR 11 (PER) TIMED AT 17:33:05,,BLUE,Driver,,11,32
2026-10-04 09:38:40,Other,INCIDENT INVOLVING CAR 27 (HUL) NOTED - UNSAFE RELEASE (17:35:56),,,,,,35
2026-10-04 09:39:22,Flag,WAVED BLUE FLAG FOR CAR 11 (PER) TIMED AT 17:39:21,,BLUE,Driver,,11,35
2026-10-04 09:40:03,Flag,WAVED BLUE FLAG FOR CAR 11 (PER) TIMED AT 17:40:02,,BLUE,Driver,,11,35
2026-10-04 09:40:40,Flag,WAVED BLUE FLAG FOR CAR 5 (BOR) TIMED AT 17:40:39,,BLUE,Driver,,5,36
2026-10-04 09:41:10,Other,CAR 12 (ANT) TIME 1:40.338 DELETED - TRACK LIMITS AT TURN 14 LAP 35 17:39:58,,,,,,36
2026-10-04 09:43:38,Other,FIA STEWARDS: INCIDENT INVOLVING CAR 27 (HUL) WILL BE INVESTIGATED AFTER THE RACE - UNSAFE RELEASE (17:35:56),,,,,,38
2026-10-04 09:43:41,Other,CAR 87 (BEA) TIME 1:43.362 DELETED - TRACK LIMITS AT TURN 14 LAP 36 17:42:35,,,,,,38
2026-10-04 09:43:55,Flag,WAVED BLUE FLAG FOR CAR 11 (PER) TIMED AT 17:43:55,,BLUE,Driver,,11,38
2026-10-04 09:44:09,Flag,WAVED BLUE FLAG FOR CAR 11 (PER) TIMED AT 17:44:09,,BLUE,Driver,,11,38
2026-10-04 09:45:45,Other,FIA STEWARDS: PENALTY SERVED - 10 SECOND TIME PENALTY FOR CAR 5 (BOR) - CAUSING A COLLISION (17:01:01),,,,,,39
2026-10-04 09:45:59,Flag,WAVED BLUE FLAG FOR CAR 10 (GAS) TIMED AT 17:45:59,,BLUE,Driver,,10,39
2026-10-04 09:46:23,Flag,WAVED BLUE FLAG FOR CAR 23 (ALB) TIMED AT 17:46:23,,BLUE,Driver,,23,39
2026-10-04 09:48:22,Flag,WAVED BLUE FLAG FOR CAR 11 (PER) TIMED AT 17:48:22,,BLUE,Driver,,11,40
2026-10-04 09:48:58,Flag,WAVED BLUE FLAG FOR CAR 11 (PER) TIMED AT 17:48:57,,BLUE,Driver,,11,41
2026-10-04 09:52:06,Flag,WAVED BLUE FLAG FOR CAR 23 (ALB) TIMED AT 17:52:05,,BLUE,Driver,,23,43
2026-10-04 09:52:50,Flag,YELLOW IN TRACK SECTOR 4,,YELLOW,Sector,4.0,,43
2026-10-04 09:52:50,Flag,YELLOW IN TRACK SECTOR 3,,YELLOW,Sector,3.0,,43
2026-10-04 09:52:50,Flag,CLEAR IN TRACK SECTOR 4,,CLEAR,Sector,4.0,,43
2026-10-04 09:52:50,Flag,CLEAR IN TRACK SECTOR 3,,CLEAR,Sector,3.0,,43
2026-10-04 09:52:53,Flag,CLEAR IN TRACK SECTOR 4,,CLEAR,Sector,4.0,,43
2026-10-04 09:52:53,Flag,CLEAR IN TRACK SECTOR 3,,CLEAR,Sector,3.0,,43
2026-10-04 09:52:54,Flag,YELLOW IN TRACK SECTOR 4,,YELLOW,Sector,4.0,,43
2026-10-04 09:52:54,Flag,YELLOW IN TRACK SECTOR 3,,YELLOW,Sector,3.0,,43
2026-10-04 09:53:01,SafetyCar,VSC DEPLOYED,DEPLOYED,,,,,43
2026-10-04 09:53:21,Flag,CLEAR IN TRACK SECTOR 4,,CLEAR,Sector,4.0,,43
2026-10-04 09:53:21,Flag,CLEAR IN TRACK SECTOR 3,,CLEAR,Sector,3.0,,43
2026-10-04 09:53:33,Other,MARSHALS ON TRACK AT TURN 2,,,,,,43
2026-10-04 09:53:36,Flag,DOUBLE YELLOW IN TRACK SECTOR 4,,DOUBLE YELLOW,Sector,4.0,,43
2026-10-04 09:53:36,Flag,YELLOW IN TRACK SECTOR 3,,YELLOW,Sector,3.0,,43
2026-10-04 09:58:26,SafetyCar,SAFETY CAR DEPLOYED,DEPLOYED,,,,,45
2026-10-04 09:58:26,Other,OVERTAKE DISABLED,,,,,,45
2026-10-04 09:58:39,Other,RECOVERY VEHICLE ON TRACK AT TURN 2,,,,,,46
2026-10-04 10:00:25,Flag,YELLOW IN TRACK SECTOR 10,,YELLOW,Sector,10.0,,46
2026-10-04 10:00:25,Flag,YELLOW IN TRACK SECTOR 9,,YELLOW,Sector,9.0,,46
2026-10-04 10:01:06,Flag,DOUBLE YELLOW IN TRACK SECTOR 9,,DOUBLE YELLOW,Sector,9.0,,46
2026-10-04 10:01:06,Flag,YELLOW IN TRACK SECTOR 8,,YELLOW,Sector,8.0,,46
2026-10-04 10:01:06,Flag,YELLOW IN TRACK SECTOR 9,,YELLOW,Sector,9.0,,46
2026-10-04 10:01:21,Flag,DOUBLE YELLOW IN TRACK SECTOR 9,,DOUBLE YELLOW,Sector,9.0,,47
2026-10-04 10:01:22,Flag,YELLOW IN TRACK SECTOR 9,,YELLOW,Sector,9.0,,47
2026-10-04 10:01:23,Flag,CLEAR IN TRACK SECTOR 10,,CLEAR,Sector,10.0,,47
2026-10-04 10:01:40,Flag,CLEAR IN TRACK SECTOR 9,,CLEAR,Sector,9.0,,47
2026-10-04 10:01:40,Flag,CLEAR IN TRACK SECTOR 8,,CLEAR,Sector,8.0,,47
2026-10-04 10:02:03,Flag,CLEAR IN TRACK SECTOR 4,,CLEAR,Sector,4.0,,47
2026-10-04 10:02:03,Flag,CLEAR IN TRACK SECTOR 3,,CLEAR,Sector,3.0,,47
2026-10-04 10:03:36,Other,"LAPPED CARS MAY NOW OVERTAKE THE SAFETY CAR: 55, 5, 11",,,,,,48
2026-10-04 10:08:58,Flag,YELLOW IN TRACK SECTOR 2,,YELLOW,Sector,2.0,,50
2026-10-04 10:08:58,Flag,YELLOW IN TRACK SECTOR 1,,YELLOW,Sector,1.0,,50
2026-10-04 10:09:03,Flag,CLEAR IN TRACK SECTOR 2,,CLEAR,Sector,2.0,,50
2026-10-04 10:09:03,Flag,CLEAR IN TRACK SECTOR 1,,CLEAR,Sector,1.0,,50
2026-10-04 10:09:18,Flag,DOUBLE YELLOW IN TRACK SECTOR 3,,DOUBLE YELLOW,Sector,3.0,,50
2026-10-04 10:09:18,Flag,YELLOW IN TRACK SECTOR 2,,YELLOW,Sector,2.0,,50
2026-10-04 10:09:40,Other,MARSHALS ON TRACK AT TURN 1,,,,,,50
2026-10-04 10:09:56,Flag,DOUBLE YELLOW IN TRACK SECTOR 2,,DOUBLE YELLOW,Sector,2.0,,50
2026-10-04 10:09:56,Flag,YELLOW IN TRACK SECTOR 1,,YELLOW,Sector,1.0,,50
2026-10-04 10:11:28,Flag,CLEAR IN TRACK SECTOR 3,,CLEAR,Sector,3.0,,51
2026-10-04 10:11:30,Flag,CLEAR IN TRACK SECTOR 2,,CLEAR,Sector,2.0,,51
2026-10-04 10:11:30,Flag,CLEAR IN TRACK SECTOR 1,,CLEAR,Sector,1.0,,51
2026-10-04 10:11:34,SafetyCar,SAFETY CAR IN THIS LAP,IN THIS LAP,,,,,51
2026-10-04 10:12:34,Other,SAFETY CAR LIGHTS OFF,,,,,,51
2026-10-04 10:13:20,Flag,TRACK CLEAR,,CLEAR,Track,,,51
2026-10-04 10:13:59,Other,OVERTAKE ENABLED,,,,,,52
2026-10-04 10:16:41,Other,TURN 1 INCIDENT INVOLVING CAR 1 (NOR) NOTED - DRIVING ERRATICALLY (18:08:52),,,,,,53
2026-10-04 10:17:50,Other,CAR 1 (NOR) TIME 2:28.854 DELETED - TRACK LIMITS AT TURN 1 LAP 50 18:09:00,,,,,,54
2026-10-04 10:20:15,Flag,CHEQUERED FLAG,,CHEQUERED,Track,,,55
2026-10-04 10:21:48,Other,ALL PASS HOLDERS MAY ACCESS THE PIT LANE,,,,,,55
2026-10-04 10:22:06,Other,CAR 87 (BEA) TIME 1:42.615 DELETED - TRACK LIMITS AT TURN 6 LAP 55 18:19:37,,,,,,55
2026-10-04 10:22:50,Other,FIA STEWARDS: TURN 1 INCIDENT INVOLVING CAR 1 (NOR) WILL BE INVESTIGATED AFTER THE RACE - DRIVING ERRATICALLY (18:08:52),,,,,,55
2026-10-04 10:25:57,Flag,BLACK AND WHITE FLAG FOR CAR 87 (BEA) - TRACK LIMITS,,BLACK AND WHITE,Driver,,87,55
