Driver,Stint,Compound,StartLap,EndLap,Laps
ALB,1.0,INTERMEDIATE,1.0,9.0,9
ALB,2.0,SOFT,10.0,16.0,7
ALB,3.0,HARD,17.0,29.0,13
ALB,4.0,SOFT,30.0,42.0,13
ALO,1.0,MEDIUM,1.0,9.0,9
ALO,2.0,HARD,10.0,31.0,22
ALO,3.0,None,32.0,45.0,14
ALO,4.0,SOFT,46.0,55.0,10
ANT,1.0,INTERMEDIATE,1.0,9.0,9
ANT,2.0,MEDIUM,10.0,33.0,24
ANT,3.0,SOFT,34.0,44.0,11
ANT,4.0,SOFT,45.0,55.0,11
BEA,1.0,SOFT,1.0,10.0,10
BEA,2.0,MEDIUM,11.0,24.0,14
BEA,3.0,HARD,25.0,38.0,14
BEA,4.0,None,39.0,55.0,17
BOR,1.0,SOFT,1.0,2.0,2
BOR,2.0,INTERMEDIATE,3.0,9.0,7
BOR,3.0,SOFT,10.0,15.0,6
BOR,4.0,HARD,16.0,34.0,19
BOR,5.0,SOFT,35.0,44.0,10
BOR,6.0,SOFT,45.0,55.0,11
BOT,1.0,SOFT,1.0,8.0,8
COL,1.0,SOFT,1.0,9.0,9
COL,2.0,MEDIUM,10.0,31.0,22
COL,3.0,HARD,32.0,42.0,11
COL,4.0,MEDIUM,43.0,55.0,13
GAS,1.0,SOFT,1.0,9.0,9
GAS,2.0,MEDIUM,10.0,25.0,16
GAS,3.0,HARD,26.0,37.0,12
GAS,4.0,SOFT,38.0,45.0,8
GAS,5.0,SOFT,46.0,55.0,10
HAD,1.0,INTERMEDIATE,1.0,9.0,9
HAD,2.0,SOFT,10.0,31.0,22
HAD,3.0,None,32.0,44.0,13
HAD,4.0,SOFT,45.0,55.0,11
HAM,1.0,SOFT,1.0,31.0,31
HAM,2.0,MEDIUM,32.0,43.0,12
HAM,3.0,SOFT,44.0,55.0,12
HUL,1.0,SOFT,1.0,2.0,2
HUL,2.0,INTERMEDIATE,3.0,8.0,6
HUL,3.0,SOFT,9.0,32.0,24
HUL,4.0,SOFT,33.0,45.0,13
HUL,5.0,SOFT,46.0,55.0,10
LAW,1.0,INTERMEDIATE,1.0,9.0,9
LAW,2.0,HARD,10.0,30.0,21
LAW,3.0,HARD,31.0,45.0,15
LAW,4.0,SOFT,46.0,55.0,10
LEC,1.0,SOFT,1.0,3.0,3
LEC,2.0,INTERMEDIATE,4.0,9.0,6
LEC,3.0,SOFT,10.0,28.0,19
LEC,4.0,None,29.0,43.0,15
LEC,5.0,SOFT,44.0,55.0,12
LIN,1.0,INTERMEDIATE,1.0,9.0,9
LIN,2.0,HARD,10.0,28.0,19
LIN,3.0,HARD,29.0,43.0,15
LIN,4.0,SOFT,44.0,55.0,12
NOR,1.0,MEDIUM,1.0,9.0,9
NOR,2.0,HARD,10.0,34.0,25
NOR,3.0,SOFT,35.0,45.0,11
NOR,4.0,SOFT,46.0,55.0,10
OCO,1.0,INTERMEDIATE,1.0,9.0,9
OCO,2.0,SOFT,10.0,29.0,20
OCO,3.0,HARD,30.0,41.0,12
OCO,4.0,SOFT,42.0,55.0,14
PER,1.0,SOFT,1.0,1.0,1
PER,2.0,INTERMEDIATE,2.0,2.0,1
PER,3.0,INTERMEDIATE,3.0,9.0,7
PER,4.0,MEDIUM,10.0,18.0,9
PER,5.0,HARD,19.0,21.0,3
PER,6.0,HARD,22.0,39.0,18
PER,7.0,MEDIUM,40.0,44.0,5
PER,8.0,SOFT,45.0,55.0,11
PIA,1.0,MEDIUM,1.0,2.0,2
PIA,2.0,INTERMEDIATE,3.0,9.0,7
PIA,3.0,HARD,10.0,33.0,24
PIA,4.0,HARD,34.0,45.0,12
PIA,5.0,MEDIUM,46.0,55.0,10
RUS,1.0,INTERMEDIATE,1.0,9.0,9
RUS,2.0,MEDIUM,10.0,32.0,23
RUS,3.0,SOFT,33.0,44.0,12
RUS,4.0,SOFT,45.0,50.0,6
SAI,1.0,INTERMEDIATE,1.0,9.0,9
SAI,2.0,SOFT,10.0,26.0,17
SAI,3.0,HARD,27.0,42.0,16
SAI,4.0,SOFT,43.0,55.0,13
STR,1.0,MEDIUM,1.0,2.0,2
STR,2.0,INTERMEDIATE,3.0,9.0,7
STR,3.0,HARD,10.0,28.0,19
STR,4.0,HARD,29.0,43.0,15
STR,5.0,SOFT,44.0,55.0,12
VER,1.0,INTERMEDIATE,1.0,9.0,9
VER,2.0,SOFT,10.0,33.0,24
VER,3.0,SOFT,34.0,43.0,10
VER,4.0,SOFT,44.0,55.0,12
