DriverNumber,Abbreviation,FullName,TeamName,TeamColor,GridPosition,Position,Status,Points,Q1,Q2,Q3,Time,PositionsGained
3,VER,Max Verstappen,Red Bull Racing,#4781D7,1.0,1.0,Finished,25.0,,,,6434.808,0.0
12,ANT,Kimi Antonelli,Mercedes,#00D7B6,3.0,2.0,Finished,18.0,,,,2.307,1.0
44,HAM,Lewis Hamilton,Ferrari,#ED1131,2.0,3.0,Finished,15.0,,,,4.919,-1.0
16,LEC,Charles Leclerc,Ferrari,#ED1131,4.0,4.0,Finished,12.0,,,,7.258,0.0
6,HAD,Isack Hadjar,Red Bull Racing,#4781D7,8.0,5.0,Finished,10.0,,,,8.571,3.0
81,PIA,Oscar Piastri,McLaren,#F47600,6.0,6.0,Finished,8.0,,,,9.454,0.0
30,LAW,Liam Lawson,Racing Bulls,#6C98FF,11.0,7.0,Finished,6.0,,,,12.753,4.0
14,ALO,Fernando Alonso,Aston Martin,#229971,12.0,8.0,Finished,4.0,,,,13.372,4.0
1,NOR,Lando Norris,McLaren,#F47600,5.0,9.0,Finished,2.0,,,,13.993,-4.0
41,LIN,Arvid Lindblad,Racing Bulls,#6C98FF,22.0,10.0,Finished,1.0,,,,15.928,12.0
27,HUL,Nico Hulkenberg,Audi,#F50537,15.0,11.0,Finished,0.0,,,,17.404,4.0
18,STR,Lance Stroll,Aston Martin,#229971,14.0,12.0,Finished,0.0,,,,18.052,2.0
43,COL,Franco Colapinto,Alpine,#00A1E8,21.0,13.0,Finished,0.0,,,,18.997,8.0
87,BEA,Oliver Bearman,Haas F1 Team,#9C9FA2,16.0,14.0,Finished,0.0,,,,22.305,2.0
31,OCO,Esteban Ocon,Haas F1 Team,#9C9FA2,17.0,15.0,Finished,0.0,,,,22.532,2.0
10,GAS,Pierre Gasly,Alpine,#00A1E8,9.0,16.0,Finished,0.0,,,,23.315,-7.0
55,SAI,Carlos Sainz,Williams,#1868DB,13.0,17.0,Finished,0.0,,,,25.431,-4.0
5,BOR,Gabriel Bortoleto,Audi,#F50537,10.0,18.0,Finished,0.0,,,,28.233,-8.0
11,PER,Sergio Perez,Cadillac,#909090,20.0,19.0,Finished,0.0,,,,29.31,1.0
63,RUS,George Russell,Mercedes,#00D7B6,7.0,20.0,Retired,0.0,,,,,-13.0
23,ALB,Alexander Albon,Williams,#1868DB,18.0,21.0,Retired,0.0,,,,,-3.0
77,BOT,Valtteri Bottas,Cadillac,#909090,19.0,22.0,Retired,0.0,,,,,-3.0
