Time,AirTemp,Humidity,Pressure,Rainfall,TrackTemp,WindDirection,WindSpeed
58.044,31.0,61.7,1008.4,False,45.6,254,3.0
118.044,30.9,62.1,1008.3,False,45.2,271,1.0
178.052,30.8,63.0,1008.2,False,45.9,279,1.2
238.049,30.8,62.5,1008.3,False,45.4,261,1.3
298.053,30.8,62.5,1008.2,False,45.5,259,1.4
358.046,30.8,62.6,1008.3,False,45.1,255,1.7
418.042,30.8,62.4,1008.2,False,44.8,255,1.7
478.067,30.8,61.8,1008.2,False,45.4,268,0.8
538.082,30.7,61.8,1008.1,False,44.2,254,1.8
598.097,30.6,62.0,1008.1,False,44.6,262,1.6
658.094,30.6,62.1,1008.1,True,44.2,260,1.8
718.087,30.5,62.0,1008.0,False,43.8,277,1.0
778.103,30.5,63.2,1008.1,True,43.0,246,1.9
838.093,30.5,63.9,1008.0,True,42.6,131,0.9
898.1,30.4,64.5,1007.9,True,42.7,294,0.4
958.098,30.4,65.5,1007.9,True,42.1,233,0.9
1018.114,30.4,65.4,1008.0,True,41.3,251,1.6
1078.114,30.3,65.9,1007.8,True,40.7,266,1.8
1138.126,30.3,67.9,1007.9,True,41.1,58,0.6
1198.119,30.3,69.1,1008.0,True,40.5,263,1.4
1258.133,30.2,69.2,1008.0,True,39.2,268,1.9
1318.143,30.1,70.2,1008.0,True,38.8,259,2.3
1378.133,30.0,69.5,1008.0,True,38.0,269,3.1
1438.149,29.9,70.4,1008.1,True,36.8,263,2.6
1498.142,29.8,71.5,1008.2,True,36.6,261,5.2
1558.143,29.6,70.7,1008.0,True,35.4,253,6.4
1618.141,29.4,71.3,1008.1,True,35.3,273,4.5
1678.135,29.2,73.5,1008.2,True,34.3,272,6.2
1738.146,28.8,74.3,1008.2,False,34.7,266,4.0
1798.146,28.5,76.0,1008.1,True,35.1,270,3.2
1858.146,28.2,76.8,1008.2,True,35.1,281,3.3
1918.141,27.9,77.2,1008.2,True,33.5,273,3.9
1978.148,27.7,79.0,1008.2,True,32.2,283,3.4
2038.148,27.4,79.8,1008.2,True,32.8,262,2.0
2098.15,27.1,81.7,1008.1,True,33.1,282,2.1
2158.14,26.8,83.4,1008.0,True,33.3,273,2.4
2218.14,26.5,83.8,1008.0,True,33.7,288,1.4
2278.143,26.3,85.1,1008.1,True,34.2,279,1.9
2338.155,26.1,85.7,1008.0,True,33.7,278,1.1
2398.14,26.1,86.7,1008.1,True,33.3,274,2.6
2458.152,25.9,85.6,1008.0,True,32.6,270,2.5
2518.152,25.9,87.6,1008.0,True,33.1,267,0.4
2578.16,25.7,88.3,1008.0,True,33.1,291,1.1
2638.166,25.7,89.1,1008.0,True,33.0,0,0.0
2698.151,25.7,88.8,1008.0,True,33.2,16,1.0
2758.148,25.6,89.4,1008.0,True,33.1,305,1.0
2818.148,25.6,88.6,1008.0,True,33.4,307,0.6
2878.15,25.5,88.3,1008.0,True,33.0,249,0.8
2938.15,25.3,89.2,1008.0,True,33.5,0,0.0
2998.151,25.3,90.0,1007.9,True,33.6,296,0.8
3058.151,25.2,89.2,1007.9,True,34.1,0,0.0
3118.151,25.3,90.3,1007.9,True,34.3,266,1.0
3178.164,25.4,89.4,1007.9,True,34.6,328,0.7
3238.165,25.3,89.9,1007.8,True,34.5,37,0.7
3298.165,25.3,89.2,1007.7,True,33.9,65,0.9
3358.166,25.3,88.8,1007.7,True,33.6,45,1.0
3418.166,25.3,88.8,1007.6,True,34.1,62,1.4
3478.166,25.3,89.6,1007.5,True,34.2,59,1.6
3538.159,25.3,89.6,1007.5,True,34.4,39,0.6
3598.163,25.3,89.5,1007.4,True,34.7,27,0.6
3658.182,25.3,89.9,1007.4,True,34.9,325,1.0
3718.199,25.2,88.9,1007.3,True,35.0,16,1.1
3778.214,25.2,89.8,1007.2,True,35.1,11,1.2
3838.214,25.2,90.1,1007.2,True,35.2,53,1.2
3898.224,25.3,89.4,1007.2,True,35.0,70,1.1
3958.255,25.2,88.9,1007.2,True,35.2,60,1.0
4018.265,25.2,89.0,1007.2,True,35.1,80,1.1
4078.282,25.2,88.8,1007.3,True,35.0,67,2.2
4138.314,25.2,87.3,1007.2,True,34.6,55,1.3
4198.297,25.1,87.7,1007.3,True,34.6,83,1.1
4258.303,25.1,88.5,1007.3,True,34.5,103,1.1
4318.3,25.1,87.4,1007.2,True,34.8,83,1.2
4378.304,25.2,88.0,1007.2,True,34.7,83,1.3
4438.29,25.2,88.7,1007.3,True,0.0,72,1.1
4498.298,25.2,87.9,1007.3,True,34.7,88,1.4
4558.31,25.2,87.6,1007.3,True,35.0,63,0.7
4618.303,25.2,87.9,1007.2,True,35.1,72,1.0
4678.31,25.2,88.5,1007.2,True,35.0,65,2.2
4738.304,25.3,87.9,1007.1,True,35.2,62,1.3
4798.321,25.3,88.8,1007.2,True,35.2,75,1.9
4858.311,25.3,88.0,1007.1,True,34.6,76,2.5
4918.299,25.3,87.2,1007.2,True,34.9,83,1.3
4978.299,25.2,87.2,1007.2,True,34.9,83,1.3
5038.312,25.1,89.0,1007.1,True,35.0,79,1.1
5098.311,25.2,88.7,1006.9,True,34.8,73,0.9
5158.314,25.2,89.3,1006.9,True,34.7,45,0.8
5218.312,25.2,89.4,1006.9,True,34.5,39,0.5
5278.309,25.2,89.3,1006.9,True,35.0,138,0.9
5338.315,25.2,88.8,1006.9,True,35.3,90,1.3
5398.305,25.2,90.7,1006.9,True,35.1,107,1.4
5458.313,25.3,89.2,1006.9,True,35.1,111,1.3
5518.323,25.4,89.3,1006.9,True,34.6,116,1.9
5578.323,25.3,89.4,1006.9,False,34.9,102,1.9
5638.323,25.3,88.7,1006.9,False,34.3,107,2.4
5698.339,25.3,88.8,1006.9,False,34.0,102,2.0
5758.339,25.2,88.2,1006.9,False,34.3,108,2.3
5818.355,25.2,88.7,1007.0,False,34.4,109,2.2
5878.363,25.3,88.8,1007.0,False,32.9,105,3.6
5938.405,25.4,88.8,1007.0,False,32.9,105,3.6
5998.384,25.5,88.7,1007.0,False,33.6,106,2.8
6058.362,25.4,89.1,1007.0,False,33.8,110,2.8
6118.362,25.4,89.1,1007.0,False,33.6,108,2.8
6178.409,25.4,88.7,1007.0,False,33.9,102,2.7
6238.374,25.4,89.0,1007.0,False,33.9,108,2.8
6298.374,25.4,88.5,1007.0,False,34.1,98,2.2
6358.374,25.5,90.3,1007.1,False,34.2,97,2.3
6418.374,25.5,89.1,1007.1,False,34.0,95,2.0
6478.392,25.5,88.8,1007.2,False,34.0,85,1.2
6538.397,25.4,88.7,1007.2,False,34.5,93,1.3
6598.39,25.4,89.1,1007.2,False,34.5,106,2.0
6658.411,25.5,88.7,1007.1,False,34.1,106,2.4
6718.426,25.5,88.7,1007.0,False,34.2,111,2.5
6778.424,25.5,88.6,1007.0,False,34.1,108,1.9
6838.424,25.6,89.1,1006.8,False,34.0,105,1.9
6898.426,25.6,89.1,1006.9,False,34.1,107,2.2
6958.416,25.6,88.7,1006.8,False,34.1,112,1.9
7018.421,25.6,87.7,1006.7,False,34.4,106,1.5
7078.453,25.6,89.1,1006.7,False,34.3,109,1.9
7138.427,25.6,89.1,1006.8,False,34.3,104,2.5
7198.443,25.6,87.8,1006.8,False,34.2,102,2.3
7258.459,25.6,87.6,1006.7,False,34.0,100,2.1
7318.454,25.6,87.7,1006.7,False,34.3,85,1.4
7378.454,25.7,87.2,1006.7,False,33.9,100,2.1
7438.462,25.7,87.3,1006.6,False,33.9,108,2.4
7498.467,25.7,87.4,1006.7,False,33.9,94,1.6
7558.466,25.8,86.8,1006.6,False,33.7,92,1.8
7618.478,25.8,86.4,1006.6,False,33.8,79,1.9
7678.477,25.8,86.2,1006.6,False,33.6,105,1.4
7738.477,25.8,86.0,1006.5,False,34.0,76,1.5
7798.461,25.8,86.1,1006.5,False,33.9,91,1.0
7858.461,25.9,85.9,1006.5,False,33.9,74,2.2
7918.493,25.9,84.9,1006.5,False,34.1,93,0.9
7978.499,26.0,86.4,1006.5,False,33.8,72,1.9
8038.504,26.0,86.0,1006.5,False,33.6,78,1.8
8098.507,25.9,85.4,1006.5,False,34.0,72,2.2
8158.523,25.9,85.7,1006.4,False,33.9,69,2.6
8218.521,25.9,85.3,1006.3,False,34.0,61,2.1
8278.526,25.9,85.4,1006.3,False,34.0,75,1.8
8338.538,25.9,85.7,1006.3,False,34.0,77,1.9
8398.544,25.9,85.6,1006.3,False,33.9,44,1.0
8458.571,25.9,84.9,1006.2,False,34.3,75,1.7
8518.57,26.0,85.6,1006.3,False,34.0,71,1.7
8578.592,26.0,85.1,1006.3,False,34.1,53,1.1
8638.581,26.0,85.2,1006.3,False,34.0,68,1.9
8698.591,25.9,84.6,1006.3,False,34.3,57,1.2
8758.583,26.0,85.0,1006.3,False,34.2,55,1.4
8818.618,26.0,85.2,1006.3,False,34.0,85,1.0
8878.619,26.0,85.3,1006.3,False,34.3,82,1.1
8938.616,26.0,85.0,1006.4,False,34.2,34,1.2
8998.601,26.1,84.5,1006.3,False,33.9,70,1.6
9058.614,26.1,84.0,1006.3,False,33.8,40,0.9
9118.602,26.2,83.8,1006.2,False,34.0,50,1.6
9178.619,26.2,83.5,1006.3,False,34.0,80,1.5
9238.604,26.2,83.9,1006.4,False,33.9,57,1.0
9298.607,26.2,82.9,1006.4,False,34.2,70,1.5
9358.61,26.3,83.4,1006.3,False,33.7,73,1.8
9418.61,26.4,82.7,1006.3,False,0.0,76,1.5
9478.609,26.4,83.0,1006.4,False,33.5,48,1.8
9538.611,26.5,82.8,1006.3,False,33.5,72,2.2
9598.627,26.5,82.7,1006.2,False,33.5,65,2.3
9658.618,26.5,83.1,1006.3,False,32.9,72,2.1
9718.616,26.5,83.4,1006.3,False,33.2,73,1.9
9778.618,26.5,83.8,1006.4,False,32.7,72,2.2
9838.618,26.5,84.0,1006.2,False,33.2,72,1.8
9898.618,26.5,84.2,1006.3,False,32.5,72,1.8
9958.626,26.4,84.5,1006.2,False,32.9,69,1.5
10018.613,26.4,83.9,1006.1,False,33.0,94,1.4
10078.622,26.4,85.4,1006.1,False,33.1,74,1.8
10138.618,26.5,84.1,1006.2,False,33.3,79,2.1
10198.628,26.5,83.9,1006.2,False,33.4,66,1.8
10258.63,26.5,83.5,1006.1,False,33.7,92,1.3
10318.624,26.5,84.7,1006.1,False,33.6,65,1.5
10378.62,26.5,84.0,1006.1,False,33.7,56,1.9
10438.63,26.5,83.2,1006.0,False,33.7,61,1.5
10498.656,26.5,83.0,1006.0,False,33.2,71,2.3
10558.627,26.5,83.3,1006.0,False,33.2,76,2.3
10618.624,26.5,82.7,1006.0,False,33.5,66,2.2
10678.624,26.5,82.6,1006.0,False,33.5,73,1.9
10738.624,26.6,82.6,1005.9,False,33.2,61,0.9
10798.63,26.6,82.9,1006.0,False,33.5,70,1.3
10858.63,26.7,82.9,1006.0,False,33.2,83,1.4
10918.636,26.7,83.6,1005.9,False,32.9,83,1.5
10978.641,26.8,83.1,1005.9,False,33.3,79,1.3
11038.626,26.8,82.8,1005.9,False,33.0,74,1.6
11098.641,26.8,81.9,1005.8,False,33.3,64,1.6
11158.642,26.8,82.8,1005.9,False,33.3,77,2.8
11218.642,26.8,82.2,1005.8,False,33.7,78,1.3
11278.642,26.8,83.1,1005.8,False,33.4,73,1.7
11338.626,26.9,82.2,1005.7,False,33.4,82,1.5
11398.645,26.9,83.0,1005.8,False,33.7,80,1.1
11458.63,27.0,82.5,1005.8,False,33.5,92,1.8
11518.636,27.1,83.7,1005.8,False,33.3,95,1.5
11578.639,27.1,82.6,1005.8,False,33.1,77,1.5
11638.651,27.2,82.0,1005.8,False,33.2,87,1.4
11698.629,27.2,84.1,1005.8,False,33.3,84,1.5
11758.645,27.2,82.4,1005.8,False,33.2,94,2.8
11818.634,27.2,83.4,1005.8,False,33.3,98,1.3
11878.647,27.3,83.0,1005.8,False,33.4,95,2.5
11938.65,27.3,82.7,1005.8,False,33.2,97,2.1
11998.804,27.3,82.8,1005.8,False,33.3,81,1.5
12058.642,27.3,82.3,1005.9,False,33.4,78,1.1
12118.65,27.3,83.2,1005.9,False,33.5,71,1.6
12178.646,27.3,83.2,1005.9,False,33.5,71,1.6
12238.708,27.3,82.2,1005.8,False,33.3,61,1.4
12298.667,27.3,82.1,1005.9,False,33.4,67,1.6
12358.651,27.4,82.1,1005.9,False,33.8,64,1.5
12418.652,27.4,82.1,1006.0,False,33.6,72,2.1
12478.662,27.4,81.5,1005.9,False,33.4,80,1.6
12538.646,27.4,82.8,1005.9,False,33.3,90,1.6
12598.658,27.5,81.8,1005.9,False,33.6,89,1.6
12658.657,27.6,82.2,1005.8,False,33.4,87,1.6
12718.646,27.6,81.5,1006.0,False,33.4,91,2.1
12778.657,27.6,81.8,1006.0,False,33.5,84,2.0
12838.653,27.5,81.8,1006.0,False,33.3,70,1.9
12898.659,27.5,81.0,1005.9,False,33.5,64,1.5
12958.681,27.5,81.8,1006.0,False,33.6,70,2.1
13018.68,27.6,82.0,1006.0,False,33.3,76,2.1
13078.696,27.6,82.5,1006.1,False,33.3,71,2.4
13138.697,27.6,81.9,1006.1,False,33.4,71,2.5
13198.707,27.5,81.6,1006.0,False,33.3,72,2.3
13258.708,27.5,81.5,1006.1,False,33.6,76,1.7
13318.712,27.6,81.8,1006.0,False,33.4,81,1.4
13378.709,27.6,80.9,1006.1,False,33.3,70,1.8
13438.709,27.6,80.3,1006.1,False,33.7,89,1.7
13498.714,27.7,80.8,1006.1,False,33.5,70,2.0
13558.715,27.7,79.0,1006.2,False,33.4,77,1.9
13618.715,27.8,79.9,1006.3,False,33.1,75,1.9
13678.715,27.8,79.3,1006.3,False,33.3,75,2.5
13738.715,27.9,79.5,1006.2,False,33.5,64,3.2
13798.715,27.8,78.7,1006.3,False,33.1,63,2.6
13858.715,27.8,79.1,1006.3,False,33.2,73,3.5
13918.716,27.8,78.7,1006.3,False,33.1,62,2.7
13978.716,27.7,78.8,1006.3,False,33.3,63,2.0
14038.71,27.7,79.2,1006.5,False,33.5,74,2.4
14098.729,27.7,79.6,1006.4,False,33.4,67,2.5
14158.752,27.7,79.6,1006.4,False,33.4,67,2.5
14218.769,27.7,79.5,1006.4,False,33.2,70,2.5
14278.785,27.7,79.5,1006.5,False,32.9,64,1.9
14338.785,27.7,79.9,1006.5,False,33.2,68,1.9
14398.801,27.8,80.2,1006.5,False,33.5,76,1.5
14458.801,27.8,80.2,1006.5,False,33.5,76,1.5
14518.808,27.8,79.4,1006.4,False,33.4,69,2.5
14578.802,27.7,79.6,1006.5,False,33.3,86,1.6
14638.802,27.8,80.0,1006.5,False,33.2,72,2.1
14698.805,27.8,79.5,1006.6,False,33.2,75,1.3
14758.809,27.9,79.6,1006.6,False,33.3,65,1.4
14818.809,27.8,79.1,1006.6,False,33.3,78,1.9
14878.808,27.9,79.9,1006.5,False,33.4,85,1.5
14938.808,27.8,80.1,1006.6,False,33.1,76,1.6
14998.808,27.8,79.1,1006.7,False,33.5,85,1.9
15058.809,27.8,78.9,1006.6,False,33.3,85,1.3
15118.809,27.9,79.2,1006.5,False,33.1,93,2.0
15178.803,27.9,78.6,1006.7,False,32.8,74,1.4
15238.807,27.9,79.2,1006.7,False,32.8,72,2.0
