Driver,Word,Count,Session
ALB,need,3,Practice2
ALB,figure,2,Practice2
ALB,deploy,1,Practice2
ALB,turn,1,Practice2
ALB,why,1,Practice2
ALB,raceability,1,Practice2
ALB,much,1,Practice2
ALB,worse,1,Practice2
ALB,vsc,1,Practice3
ALO,vsc,1,Qualifying
ANT,sure,2,Qualifying
ANT,vsc,2,Race
ANT,copy,2,Race
ANT,keep,2,Race
ANT,good,2,Race
ANT,need,2,Race
ANT,today,2,Race
ANT,george,2,Race
ANT,keep,1,Qualifying
ANT,left,1,Qualifying
ANT,wait,1,Qualifying
ANT,front,1,Qualifying
ANT,limits,1,Qualifying
ANT,fabio,1,Qualifying
ANT,happy,1,Qualifying
ANT,problem,1,Race
ANT,drink,1,Race
ANT,driving,1,Race
ANT,fluid,1,Race
ANT,coming,1,Race
ANT,track,1,Race
ANT,drying,1,Race
ANT,crazily,1,Race
ANT,quick,1,Race
ANT,fire,1,Race
ANT,port,1,Race
ANT,face,1,Race
ANT,last,1,Race
ANT,message,1,Race
ANT,tyres,1,Race
ANT,shape,1,Race
ANT,something,1,Race
ANT,different,1,Race
ANT,second,1,Race
ANT,runway,1,Race
ANT,strikes,1,Race
ANT,far,1,Race
ANT,more,1,Race
ANT,fighting,1,Race
ANT,stuff,1,Race
ANT,happened,1,Race
ANT,err,1,Race
ANT,stygnos,1,Race
ANT,looks,1,Race
ANT,push,1,Race
ANT,kimmy,1,Race
ANT,didn't,1,Race
ANT,pass,1,Race
ANT,car,1,Race
ANT,thank,1,Race
ANT,we'll,1,Race
ANT,people,1,Race
ANT,congrats,1,Race
ANT,marks,1,Race
ANT,sorry,1,Race
ANT,real,1,Race
ANT,kick,1,Race
ANT,guts,1,Race
ANT,team,1,Race
ANT,pushing,1,Race
ANT,singapore,1,Race
ANT,night,1,Race
ANT,bob,1,Race
ANT,kitty,1,Race
BEA,we've,2,Practice3
BEA,gone,2,Practice3
BEA,wheel,2,Practice3
BEA,off,2,Practice3
BEA,take,2,Practice3
BEA,look,2,Practice3
BEA,seen,1,Practice3
BEA,front,1,Practice3
BEA,first,1,Practice3
BEA,thought,1,Practice3
BEA,tire,1,Practice3
BEA,wasn't,1,Practice3
BEA,sorry,1,Practice3
BEA,captain,1,Practice3
BEA,didn't,1,Practice3
BEA,seem,1,Practice3
BEA,hate,1,Practice3
BOR,craziest,1,Practice1
BOR,i've,1,Practice1
BOR,ever,1,Practice1
BOR,life,1,Practice1
BOR,oil,1,Practice1
BOR,temperatures,1,Practice1
BOR,even,1,Practice1
BOR,more,1,Practice1
BOR,bahrain's,1,Practice1
BOR,fp1,1,Practice1
BOR,doing,1,Practice2
BOR,man,1,Practice2
BOR,he's,1,Practice2
BOR,seeing,1,Practice2
BOR,cool,1,Practice2
BOR,sees,1,Practice2
BOR,coming,1,Practice2
BOR,keeps,1,Practice2
BOR,blocking,1,Practice2
BOR,set,1,Practice2
BOR,floor,1,Practice2
BOR,early,1,Practice2
BOR,water,1,Practice2
BOR,without,1,Practice2
BOR,understood,1,Practice2
BOR,happened,1,Practice2
BOR,there's,1,Practice2
BOR,another,1,Practice2
BOR,novel,1,Practice2
BOR,scared,1,Practice2
BOR,together,1,Practice2
BOR,great,1,Qualifying
BOR,job,1,Qualifying
BOR,god,1,Qualifying
BOR,terrible,1,Qualifying
BOR,thanks,1,Qualifying
BOR,good,1,Qualifying
BOR,car,1,Qualifying
BOR,today,1,Qualifying
BOR,hey,1,Race
BOR,doesn't,1,Race
BOR,give,1,Race
BOR,space,1,Race
BOR,vsc,1,Race
BOT,vsc,1,Qualifying
BOT,fast,1,Qualifying
BOT,gets,1,Qualifying
GAS,good,2,Qualifying
GAS,little,1,Practice2
GAS,concerned,1,Practice2
GAS,shower,1,Practice2
GAS,between,1,Practice2
GAS,minutes,1,Practice2
GAS,away,1,Practice2
GAS,enough,1,Practice2
GAS,disrupted,1,Practice2
GAS,quality,1,Qualifying
GAS,positioning,1,Qualifying
GAS,throttle,1,Qualifying
GAS,put,1,Qualifying
HAD,zero,2,Practice1
HAD,turn,2,Practice3
HAD,minimum,2,Qualifying
HAD,force,2,Race
HAD,wow,1,Practice1
HAD,front,1,Practice1
HAD,coming,1,Practice1
HAD,copy,1,Practice1
HAD,free,1,Practice1
HAD,air,1,Practice1
HAD,place,1,Practice1
HAD,massive,1,Practice1
HAD,truck,1,Practice1
HAD,probably,1,Practice1
HAD,best,1,Practice1
HAD,spot,1,Practice1
HAD,you've,1,Practice1
HAD,unpredictable,1,Practice3
HAD,feel,1,Practice3
HAD,other,1,Practice3
HAD,risk,1,Practice3
HAD,step,1,Practice3
HAD,cold,1,Qualifying
HAD,line,1,Qualifying
HAD,matters,1,Qualifying
HAD,much,1,Race
HAD,height,1,Race
HAD,use,1,Race
HAD,bastard,1,Race
HAD,corners,1,Race
HAD,his,1,Race
HAD,air,1,Race
HAD,thank,1,Race
HAD,possible,1,Race
HAD,vsc,1,Race
HAM,great,3,Qualifying
HAM,more,3,Race
HAM,stay,3,Race
HAM,job,2,Qualifying
HAM,wet,2,Race
HAM,grip,2,Race
HAM,gamble,2,Race
HAM,side,2,Race
HAM,looks,1,Practice3
HAM,pretty,1,Practice3
HAM,decent,1,Practice3
HAM,lap,1,Practice3
HAM,considering,1,Practice3
HAM,tires,1,Practice3
HAM,look,1,Practice3
HAM,great,1,Practice3
HAM,good,1,Qualifying
HAM,lap,1,Qualifying
HAM,finally,1,Qualifying
HAM,session,1,Qualifying
HAM,timing,1,Qualifying
HAM,start,1,Qualifying
HAM,can't,1,Qualifying
HAM,feel,1,Qualifying
HAM,kind,1,Race
HAM,quite,1,Race
HAM,high,1,Race
HAM,press,1,Race
HAM,thousandth,1,Race
HAM,truck,1,Race
HAM,slippery,1,Race
HAM,dangerous,1,Race
HAM,need,1,Race
HAM,survive,1,Race
HAM,first,1,Race
HAM,couple,1,Race
HAM,laps,1,Race
HAM,die,1,Race
HAM,soon,1,Race
HAM,getting,1,Race
HAM,drier,1,Race
HAM,tires,1,Race
HAM,starting,1,Race
HAM,work,1,Race
HAM,because,1,Race
HAM,smart,1,Race
HAM,happy,1,Race
HAM,try,1,Race
HAM,release,1,Race
HAM,copy,1,Race
HAM,push,1,Race
HAM,close,1,Race
HAM,gap,1,Race
HAM,pushing,1,Race
HAM,hard,1,Race
HAM,i've,1,Race
HAM,missed,1,Race
HAM,feels,1,Race
HAM,terrible,1,Race
HAM,probably,1,Race
HAM,end,1,Race
HAM,great,1,Race
HAM,job,1,Race
HAM,pit,1,Race
HAM,stops,1,Race
HAM,into,1,Race
HAM,strategy,1,Race
HAM,already,1,Race
HAM,pretty,1,Race
HAM,during,1,Race
HAM,race,1,Race
HAM,i'll,1,Race
HAM,table,1,Race
HAM,today,1,Race
HAM,later,1,Race
HAM,bye,1,Race
HAM,next,1,Race
HAM,time,1,Race
HUL,sit,1,Qualifying
HUL,across,1,Qualifying
LAW,brakes,1,Practice1
LAW,last,1,Practice1
LAW,mile,1,Practice1
LEC,vsc,2,Race
LEC,vsc,1,Practice2
LEC,lot,1,Qualifying
LEC,performance,1,Qualifying
LEC,bus,1,Qualifying
LEC,stops,1,Qualifying
LEC,areas,1,Qualifying
LEC,never,1,Qualifying
LEC,group,1,Qualifying
LEC,hit,1,Qualifying
LIN,front,2,Qualifying
LIN,side,2,Qualifying
LIN,good,2,Race
LIN,side,2,Race
LIN,mind,1,Qualifying
LIN,hearing,1,Qualifying
LIN,car,1,Qualifying
LIN,tiny,1,Qualifying
LIN,rattling,1,Qualifying
LIN,noise,1,Qualifying
LIN,picture,1,Qualifying
LIN,each,1,Qualifying
LIN,other,1,Qualifying
LIN,good,1,Qualifying
LIN,tried,1,Qualifying
LIN,thank,1,Qualifying
LIN,localized,1,Race
LIN,rain,1,Race
LIN,dry,1,Race
LIN,around,1,Race
LIN,day,1,Race
LIN,team,1,Race
LIN,everyone,1,Race
LIN,enough,1,Race
LIN,anytime,1,Race
LIN,something,1,Race
LIN,happens,1,Race
LIN,near,1,Race
LIN,expect,1,Race
LIN,i'll,1,Race
LIN,look,1,Race
LIN,because,1,Race
LIN,unacceptable,1,Race
LIN,thank,1,Race
NOR,defeel,1,Race
NOR,destroyed,1,Race
NOR,skies,1,Race
NOR,gone,1,Race
NOR,already,1,Race
NOR,copy,1,Race
NOR,land,1,Race
OCO,early,1,Qualifying
OCO,tower's,1,Qualifying
OCO,good,1,Qualifying
OCO,same,1,Qualifying
PIA,corner,2,Practice2
PIA,copy,2,Practice2
PIA,vsc,1,Practice1
PIA,opportunity,1,Practice2
PIA,turn,1,Practice2
PIA,short,1,Practice2
PIA,native,1,Practice2
PIA,braking,1,Practice2
PIA,earlier,1,Practice2
PIA,there's,1,Practice2
PIA,way,1,Practice2
PIA,much,1,Practice2
PIA,information,1,Practice2
PIA,improve,1,Practice2
PIA,anyway,1,Qualifying
PIA,decent,1,Qualifying
PIA,session,1,Qualifying
PIA,pushing,1,Qualifying
PIA,quite,1,Qualifying
PIA,last,1,Qualifying
PIA,lap,1,Qualifying
PIA,hamilton's,1,Race
PIA,clearly,1,Race
PIA,far,1,Race
PIA,he's,1,Race
PIA,through,1,Race
PIA,cars,1,Race
PIA,need,1,Race
RUS,weird,2,Race
RUS,target,2,Race
RUS,minus,2,Race
RUS,stop,2,Race
RUS,car,2,Race
RUS,sorry,2,Race
RUS,cool,1,Practice1
RUS,tell,1,Practice1
RUS,much,1,Practice1
RUS,we've,1,Practice1
RUS,four,1,Practice1
RUS,eight,1,Practice1
RUS,we'd,1,Practice1
RUS,lot,1,Practice1
RUS,trouble,1,Practice1
RUS,look,1,Practice1
RUS,outlier,1,Practice1
RUS,drop,1,Practice1
RUS,off,1,Practice1
RUS,airbrain,1,Race
RUS,heavier,1,Race
RUS,hints,1,Race
RUS,shoot,1,Race
RUS,conditions,1,Race
RUS,tire,1,Race
RUS,seem,1,Race
RUS,drying,1,Race
RUS,rapidly,1,Race
RUS,tyres,1,Race
RUS,george,1,Race
RUS,moment,1,Race
RUS,doing,1,Race
RUS,wait,1,Race
RUS,until,1,Race
RUS,ready,1,Race
RUS,keep,1,Race
RUS,extended,1,Race
RUS,try,1,Race
RUS,early,1,Race
RUS,uhhh,1,Race
RUS,fuck,1,Race
RUS,something,1,Race
RUS,thermodendron,1,Race
RUS,breaking,1,Race
RUS,hot,1,Race
RUS,nothing,1,Race
RUS,broken,1,Race
RUS,need,1,Race
RUS,foghead,1,Race
SAI,good,2,Qualifying
SAI,job,2,Qualifying
SAI,amazing,1,Qualifying
SAI,kailah,1,Qualifying
SAI,great,1,Qualifying
SAI,lap,1,Qualifying
SAI,pressure,1,Qualifying
SAI,dabby,1,Race
SAI,left,1,Race
SAI,space,1,Race
SAI,world,1,Race
VER,car,2,Practice2
VER,nice,2,Qualifying
VER,there's,2,Race
VER,max,2,Race
VER,yet,2,Race
VER,bait,2,Race
VER,jump,2,Race
VER,dive,2,Race
VER,feel,1,Practice2
VER,sooo,1,Practice2
VER,second,1,Practice2
VER,lot,1,Practice2
VER,sit,1,Practice2
VER,why,1,Practice2
VER,thanks,1,Practice2
VER,i'll,1,Practice2
VER,moment,1,Practice2
VER,back,1,Practice2
VER,garage,1,Practice2
VER,pull,1,Qualifying
VER,look,1,Qualifying
VER,actually,1,Race
VER,problem,1,Race
VER,steering,1,Race
VER,wheel,1,Race
VER,push,1,Race
VER,forward,1,Race
VER,backwards,1,Race
VER,corner,1,Race
VER,speed,1,Race
VER,lane,1,Race
VER,clock,1,Race
VER,can't,1,Race
VER,accelerate,1,Race
VER,working,1,Race
VER,stand,1,Race
VER,look,1,Race
VER,silipant,1,Race
VER,sprayed,1,Race
VER,stay,1,Race
VER,ready,1,Race
VER,restarted,1,Race
VER,before,1,Race
VER,give,1,Race
VER,cannot,1,Race
VER,select,1,Race
VER,plenty,1,Race
VER,time,1,Race
VER,even,1,Race
VER,safety,1,Race
VER,car,1,Race
VER,coming,1,Race
VER,kill,1,Race
VER,auto,1,Race
VER,never,1,Race
VER,doubt,1,Race
VER,other,1,Race
VER,man,1,Race
VER,today,1,Race
VER,alright,1,Race
VER,amazing,1,Race
VER,fantastic,1,Race
VER,weekend,1,Race
VER,good,1,Race
VER,watch,1,Race
VER,proud,1,Race
