Position,Driver,Team,Q1,Q2,Q3
1,HAM,Mercedes,91.605,90.977,90.076
2,RAI,Ferrari,92.259,90.926,90.121
3,VER,Red Bull,91.92,90.931,90.541
4,RIC,Red Bull,92.416,91.061,90.595
5,BOT,Mercedes,92.25399999999999,90.803,90.758
6,OCO,Force India,92.527,91.651,91.47800000000001
7,VAN,McLaren,92.838,91.848,91.582
8,HUL,Renault,92.586,91.77799999999999,91.607
9,PER,Force India,92.768,91.48400000000001,91.658
10,ALO,McLaren,93.049,92.00999999999999,91.70400000000001
11,MAS,Williams,92.267,92.03399999999999,
12,PAL,Renault,92.576,92.1,
13,STR,Williams,93.0,92.307,
14,SAI,Toro Rosso,92.65,92.402,
15,GAS,Toro Rosso,92.547,92.55799999999999,
16,GRO,Haas F1 Team,93.30799999999999,,
17,MAG,Haas F1 Team,93.434,,
18,WEH,Sauber,93.483,,
19,ERI,Sauber,93.97,,
20,VET,Ferrari,,,
