LapNumber,DriverId,Position,LapTime
1,hamilton,1,102.307
1,max_verstappen,2,103.125
1,bottas,3,104.229
1,ricciardo,4,105.26599999999999
1,vandoorne,5,106.101
1,perez,6,107.37299999999999
1,ocon,7,108.08
1,stroll,8,108.503
1,massa,9,108.852
1,kevin_magnussen,10,109.899
1,alonso,11,110.53399999999999
1,hulkenberg,12,110.582
1,vettel,13,111.136
1,jolyon_palmer,14,111.289
1,sainz,15,111.542
1,gasly,16,112.11500000000001
1,wehrlein,17,112.90100000000001
1,ericsson,18,113.218
1,grosjean,19,113.566
2,hamilton,1,97.86699999999999
2,max_verstappen,2,97.792
2,bottas,3,98.72200000000001
2,ricciardo,4,98.321
2,vandoorne,5,99.10900000000001
2,perez,6,99.14
2,stroll,7,100.06700000000001
2,massa,8,100.436
2,kevin_magnussen,9,100.164
2,alonso,10,100.245
2,ocon,11,103.233
2,vettel,12,100.263
2,hulkenberg,13,101.31700000000001
2,jolyon_palmer,14,101.24000000000001
2,sainz,15,101.714
2,gasly,16,101.801
2,wehrlein,17,101.89500000000001
2,grosjean,18,101.346
2,ericsson,19,102.741
3,hamilton,1,97.387
3,max_verstappen,2,97.062
3,bottas,3,98.795
3,ricciardo,4,98.461
3,vandoorne,5,98.839
3,perez,6,98.663
3,stroll,7,98.82300000000001
3,massa,8,99.178
3,kevin_magnussen,9,99.27000000000001
3,alonso,10,99.182
3,vettel,11,99.306
3,hulkenberg,12,99.55
3,jolyon_palmer,13,99.47200000000001
3,sainz,14,99.958
3,gasly,15,99.695
3,grosjean,16,99.364
3,wehrlein,17,101.143
3,ericsson,18,100.423
3,ocon,19,116.563
4,max_verstappen,1,97.202
4,hamilton,2,98.306
4,bottas,3,98.346
4,ricciardo,4,98.596
4,vandoorne,5,98.744
4,perez,6,98.438
4,stroll,7,98.669
4,massa,8,98.8
4,kevin_magnussen,9,98.845
4,alonso,10,98.914
4,vettel,11,98.658
4,hulkenberg,12,98.64500000000001
4,jolyon_palmer,13,99.051
4,sainz,14,98.837
4,gasly,15,99.40299999999999
4,grosjean,16,99.209
4,wehrlein,17,100.447
4,ericsson,18,100.837
4,ocon,19,97.693
5,max_verstappen,1,96.86699999999999
5,hamilton,2,97.48599999999999
5,bottas,3,97.87
5,ricciardo,4,98.168
5,vandoorne,5,98.749
5,perez,6,99.042
5,stroll,7,99.003
5,massa,8,99.09899999999999
5,kevin_magnussen,9,98.987
5,alonso,10,99.102
5,vettel,11,99.49600000000001
5,hulkenberg,12,99.12899999999999
5,jolyon_palmer,13,99.495
5,sainz,14,99.44
5,gasly,15,99.68
5,grosjean,16,100.161
5,wehrlein,17,99.771
5,ericsson,18,100.209
5,ocon,19,97.99000000000001
6,max_verstappen,1,96.937
6,hamilton,2,97.723
6,bottas,3,97.953
6,ricciardo,4,97.824
6,vandoorne,5,98.949
6,perez,6,98.804
6,stroll,7,98.85
6,massa,8,98.938
6,kevin_magnussen,9,99.52000000000001
6,alonso,10,99.025
6,vettel,11,98.969
6,hulkenberg,12,99.535
6,jolyon_palmer,13,99.378
6,sainz,14,99.15899999999999
6,gasly,15,99.447
6,grosjean,16,99.287
6,wehrlein,17,100.116
6,ericsson,18,100.556
6,ocon,19,98.467
7,max_verstappen,1,96.863
7,hamilton,2,97.202
7,bottas,3,98.106
7,ricciardo,4,97.949
7,vandoorne,5,98.94
7,perez,6,98.60300000000001
7,stroll,7,98.96000000000001
7,massa,8,99.056
7,kevin_magnussen,9,99.566
7,alonso,10,99.781
7,vettel,11,99.63900000000001
7,hulkenberg,12,99.384
7,jolyon_palmer,13,99.12
7,sainz,14,99.289
7,gasly,15,99.288
7,grosjean,16,99.47200000000001
7,wehrlein,17,100.011
7,ericsson,18,100.384
7,ocon,19,98.172
8,max_verstappen,1,96.661
8,hamilton,2,97.055
8,bottas,3,98.346
8,ricciardo,4,98.245
8,perez,5,98.60300000000001
8,vandoorne,6,100.281
8,stroll,7,99.064
8,massa,8,98.937
8,kevin_magnussen,9,99.233
8,vettel,10,98.90100000000001
8,alonso,11,99.851
8,hulkenberg,12,99.30199999999999
8,jolyon_palmer,13,99.287
8,sainz,14,99.312
8,gasly,15,99.082
8,grosjean,16,99.61099999999999
8,wehrlein,17,99.938
8,ocon,18,98.797
8,ericsson,19,101.124
9,max_verstappen,1,96.824
9,hamilton,2,97.172
9,ricciardo,3,97.825
9,bottas,4,100.26599999999999
9,perez,5,98.173
9,vandoorne,6,98.852
9,stroll,7,98.762
9,massa,8,99.009
9,vettel,9,98.178
9,kevin_magnussen,10,99.337
9,alonso,11,99.657
9,jolyon_palmer,12,99.306
9,sainz,13,99.407
9,gasly,14,99.0
9,hulkenberg,15,102.753
9,grosjean,16,99.56
9,wehrlein,17,99.77799999999999
9,ocon,18,98.41
9,ericsson,19,100.406
10,max_verstappen,1,96.714
10,hamilton,2,97.642
10,ricciardo,3,96.78
10,bottas,4,98.533
10,perez,5,98.043
10,vandoorne,6,98.869
10,stroll,7,98.941
10,massa,8,99.132
10,vettel,9,97.93299999999999
10,alonso,10,99.27000000000001
10,jolyon_palmer,11,98.86
10,kevin_magnussen,12,102.917
10,sainz,13,99.193
10,gasly,14,99.001
10,grosjean,15,99.21000000000001
10,wehrlein,16,100.19200000000001
10,ocon,17,99.107
10,ericsson,18,100.455
10,hulkenberg,19,116.568
11,max_verstappen,1,96.47399999999999
11,hamilton,2,97.481
11,ricciardo,3,96.822
11,bottas,4,98.346
11,perez,5,97.76400000000001
11,vandoorne,6,99.37299999999999
11,stroll,7,99.051
11,vettel,8,98.29599999999999
11,massa,9,102.348
11,alonso,10,96.501
11,jolyon_palmer,11,99.426
11,sainz,12,99.057
11,gasly,13,99.445
11,grosjean,14,103.21600000000001
11,ocon,15,98.5
11,wehrlein,16,100.72
11,ericsson,17,100.09700000000001
11,kevin_magnussen,18,116.63499999999999
11,hulkenberg,19,98.36
12,max_verstappen,1,96.24600000000001
12,hamilton,2,96.84899999999999
12,ricciardo,3,96.57
12,bottas,4,98.318
12,perez,5,97.84700000000001
12,vandoorne,6,99.063
12,vettel,7,97.104
12,stroll,8,102.262
12,alonso,9,98.203
12,jolyon_palmer,10,98.512
12,sainz,11,98.967
12,gasly,12,103.137
12,ocon,13,97.982
12,wehrlein,14,99.649
12,massa,15,116.174
12,ericsson,16,100.4
12,kevin_magnussen,17,98.549
12,hulkenberg,18,98.382
12,grosjean,19,118.00999999999999
13,max_verstappen,1,96.632
13,hamilton,2,97.13900000000001
13,ricciardo,3,96.60499999999999
13,bottas,4,97.81700000000001
13,perez,5,97.858
13,vettel,6,97.3
13,vandoorne,7,102.376
13,alonso,8,98.505
13,sainz,9,98.65
13,jolyon_palmer,10,101.90100000000001
13,ocon,11,97.981
13,wehrlein,12,99.64
13,massa,13,97.743
13,stroll,14,117.181
13,ericsson,15,100.59899999999999
13,kevin_magnussen,16,98.672
13,hulkenberg,17,99.035
13,gasly,18,118.25999999999999
13,grosjean,19,98.944
14,max_verstappen,1,96.444
14,hamilton,2,97.19200000000001
14,ricciardo,3,96.864
14,bottas,4,97.72
14,perez,5,97.756
14,vettel,6,96.732
14,alonso,7,98.50999999999999
14,sainz,8,98.477
14,ocon,9,97.86699999999999
14,vandoorne,10,117.334
14,wehrlein,11,99.713
14,stroll,12,99.19200000000001
14,massa,13,100.399
14,kevin_magnussen,14,98.589
14,hulkenberg,15,100.09899999999999
14,ericsson,16,102.376
14,jolyon_palmer,17,117.826
14,gasly,18,98.495
14,grosjean,19,99.036
15,max_verstappen,1,96.533
15,hamilton,2,96.876
15,ricciardo,3,96.925
15,bottas,4,97.956
15,perez,5,97.699
15,vettel,6,96.483
15,alonso,7,98.917
15,sainz,8,98.50399999999999
15,ocon,9,97.832
15,vandoorne,10,97.782
15,stroll,11,98.338
15,wehrlein,12,100.15
15,massa,13,98.525
15,kevin_magnussen,14,98.74000000000001
15,hulkenberg,15,97.944
15,jolyon_palmer,16,97.838
15,ericsson,17,101.051
15,gasly,18,98.50200000000001
15,grosjean,19,98.64099999999999
16,max_verstappen,1,96.38499999999999
16,hamilton,2,96.868
16,ricciardo,3,96.447
16,bottas,4,97.555
16,perez,5,97.813
16,vettel,6,96.545
16,alonso,7,98.69200000000001
16,sainz,8,98.39
16,ocon,9,97.777
16,vandoorne,10,98.172
16,stroll,11,98.174
16,massa,12,98.708
16,wehrlein,13,100.86699999999999
16,kevin_magnussen,14,98.881
16,hulkenberg,15,98.35900000000001
16,jolyon_palmer,16,98.642
16,ericsson,17,100.303
16,gasly,18,99.0
16,grosjean,19,98.893
17,max_verstappen,1,96.539
17,hamilton,2,97.273
17,ricciardo,3,96.592
17,bottas,4,97.73400000000001
17,perez,5,97.78
17,vettel,6,96.818
17,alonso,7,98.52600000000001
17,sainz,8,98.268
17,ocon,9,97.77600000000001
17,vandoorne,10,98.241
17,stroll,11,98.539
17,massa,12,98.479
17,wehrlein,13,99.65899999999999
17,kevin_magnussen,14,99.166
17,hulkenberg,15,98.86099999999999
17,jolyon_palmer,16,98.789
17,gasly,17,98.305
17,ericsson,18,100.32300000000001
17,grosjean,19,99.43299999999999
18,max_verstappen,1,96.345
18,hamilton,2,96.87
18,ricciardo,3,96.74199999999999
18,bottas,4,97.342
18,perez,5,97.749
18,vettel,6,96.6
18,alonso,7,99.011
18,sainz,8,98.67699999999999
18,ocon,9,97.679
18,vandoorne,10,98.6
18,stroll,11,98.89
18,massa,12,98.818
18,kevin_magnussen,13,98.501
18,hulkenberg,14,99.13499999999999
18,wehrlein,15,100.694
18,jolyon_palmer,16,98.468
18,gasly,17,98.62899999999999
18,ericsson,18,99.84
18,grosjean,19,98.612
19,max_verstappen,1,96.52000000000001
19,hamilton,2,96.436
19,ricciardo,3,96.76599999999999
19,bottas,4,97.28399999999999
19,perez,5,97.77000000000001
19,vettel,6,97.233
19,alonso,7,98.561
19,sainz,8,98.164
19,ocon,9,97.547
19,vandoorne,10,98.71000000000001
19,stroll,11,98.386
19,massa,12,98.538
19,kevin_magnussen,13,98.55799999999999
19,hulkenberg,14,97.706
19,jolyon_palmer,15,98.396
19,wehrlein,16,100.571
19,gasly,17,98.358
19,grosjean,18,98.67699999999999
19,ericsson,19,100.62100000000001
20,max_verstappen,1,96.35499999999999
20,hamilton,2,96.336
20,ricciardo,3,96.318
20,bottas,4,97.362
20,perez,5,97.447
20,vettel,6,97.144
20,alonso,7,98.223
20,sainz,8,98.578
20,ocon,9,97.956
20,vandoorne,10,98.785
20,stroll,11,98.63499999999999
20,massa,12,98.741
20,kevin_magnussen,13,98.201
20,hulkenberg,14,98.182
20,jolyon_palmer,15,98.38499999999999
20,wehrlein,16,99.275
20,gasly,17,98.388
20,grosjean,18,98.863
20,ericsson,19,100.088
21,max_verstappen,1,96.548
21,hamilton,2,96.394
21,ricciardo,3,96.74799999999999
21,bottas,4,97.386
21,vettel,5,96.38300000000001
21,perez,6,98.938
21,alonso,7,98.482
21,sainz,8,98.52799999999999
21,ocon,9,97.961
21,vandoorne,10,98.685
21,stroll,11,98.77199999999999
21,massa,12,98.584
21,kevin_magnussen,13,98.50999999999999
21,hulkenberg,14,98.428
21,jolyon_palmer,15,98.495
21,wehrlein,16,99.453
21,gasly,17,98.668
21,grosjean,18,98.999
21,ericsson,19,99.957
22,max_verstappen,1,96.679
22,hamilton,2,96.90100000000001
22,ricciardo,3,97.035
22,bottas,4,97.533
22,vettel,5,96.55799999999999
22,perez,6,97.81
22,alonso,7,98.012
22,sainz,8,98.533
22,ocon,9,98.468
22,vandoorne,10,98.608
22,stroll,11,98.53399999999999
22,massa,12,98.53
22,kevin_magnussen,13,98.386
22,hulkenberg,14,98.548
22,jolyon_palmer,15,98.311
22,wehrlein,16,99.214
22,gasly,17,98.364
22,grosjean,18,98.968
22,ericsson,19,99.937
23,max_verstappen,1,96.92699999999999
23,hamilton,2,96.751
23,ricciardo,3,96.711
23,bottas,4,97.553
23,vettel,5,96.86699999999999
23,perez,6,97.72999999999999
23,alonso,7,98.22200000000001
23,sainz,8,98.527
23,ocon,9,97.97999999999999
23,vandoorne,10,98.471
23,stroll,11,98.559
23,massa,12,98.55
23,kevin_magnussen,13,98.38
23,hulkenberg,14,98.27199999999999
23,jolyon_palmer,15,98.40299999999999
23,gasly,16,98.074
23,wehrlein,17,99.905
23,grosjean,18,99.12899999999999
23,ericsson,19,99.657
24,max_verstappen,1,97.14500000000001
24,hamilton,2,97.077
24,ricciardo,3,96.691
24,bottas,4,97.515
24,vettel,5,96.916
24,perez,6,97.714
24,alonso,7,98.455
24,sainz,8,98.38
24,ocon,9,98.23599999999999
24,vandoorne,10,98.375
24,stroll,11,98.326
24,massa,12,98.249
24,kevin_magnussen,13,98.386
24,hulkenberg,14,98.156
24,jolyon_palmer,15,98.36699999999999
24,gasly,16,98.642
24,wehrlein,17,99.32900000000001
24,grosjean,18,98.27600000000001
24,ericsson,19,101.64699999999999
25,max_verstappen,1,97.344
25,hamilton,2,97.044
25,ricciardo,3,96.69800000000001
25,bottas,4,97.52799999999999
25,vettel,5,97.363
25,perez,6,97.755
25,alonso,7,98.334
25,sainz,8,98.669
25,vandoorne,9,98.476
25,stroll,10,98.455
25,massa,11,98.826
25,ocon,12,115.25999999999999
25,kevin_magnussen,13,98.489
25,hulkenberg,14,98.968
25,jolyon_palmer,15,98.537
25,gasly,16,98.753
25,wehrlein,17,99.251
25,grosjean,18,98.21000000000001
25,ericsson,19,99.529
26,max_verstappen,1,97.307
26,hamilton,2,100.405
26,ricciardo,3,97.039
26,bottas,4,98.104
26,vettel,5,98.071
26,perez,6,98.138
26,sainz,7,98.532
26,alonso,8,102.22399999999999
26,vandoorne,9,98.19800000000001
26,stroll,10,97.84
26,massa,11,98.25
26,ocon,12,98.14699999999999
26,kevin_magnussen,13,98.279
26,hulkenberg,14,97.886
26,jolyon_palmer,15,98.24799999999999
26,gasly,16,98.673
26,wehrlein,17,98.768
26,grosjean,18,98.42099999999999
26,ericsson,19,99.311
27,max_verstappen,1,100.511
27,ricciardo,2,96.90100000000001
27,hamilton,3,112.75999999999999
27,bottas,4,97.99000000000001
27,vettel,5,101.53399999999999
27,perez,6,97.825
27,sainz,7,98.12299999999999
27,vandoorne,8,97.92
27,stroll,9,98.049
27,massa,10,98.259
27,ocon,11,98.239
27,kevin_magnussen,12,98.654
27,hulkenberg,13,98.414
27,jolyon_palmer,14,98.16499999999999
27,alonso,15,118.189
27,gasly,16,98.15100000000001
27,wehrlein,17,98.797
27,grosjean,18,98.52799999999999
27,ericsson,19,99.38
28,ricciardo,1,97.271
28,max_verstappen,2,113.053
28,hamilton,3,94.723
28,bottas,4,100.773
28,perez,5,98.146
28,vettel,6,112.96000000000001
28,sainz,7,98.443
28,vandoorne,8,98.163
28,stroll,9,98.03399999999999
28,massa,10,97.964
28,ocon,11,98.038
28,hulkenberg,12,97.657
28,kevin_magnussen,13,100.013
28,jolyon_palmer,14,98.422
28,alonso,15,98.465
28,gasly,16,98.16499999999999
28,wehrlein,17,98.672
28,grosjean,18,98.467
28,ericsson,19,99.297
29,ricciardo,1,100.77600000000001
29,max_verstappen,2,94.821
29,hamilton,3,94.769
29,perez,4,98.062
29,vettel,5,94.5
29,bottas,6,114.491
29,vandoorne,7,97.964
29,stroll,8,97.98400000000001
29,sainz,9,113.37299999999999
29,massa,10,97.753
29,ocon,11,97.761
29,hulkenberg,12,98.02000000000001
29,jolyon_palmer,13,97.953
29,kevin_magnussen,14,99.443
29,alonso,15,98.806
29,gasly,16,97.973
29,wehrlein,17,98.50999999999999
29,grosjean,18,98.176
29,ericsson,19,99.023
30,max_verstappen,1,94.866
30,hamilton,2,95.57900000000001
30,ricciardo,3,114.425
30,perez,4,101.818
30,vettel,5,94.43299999999999
30,bottas,6,96.12100000000001
30,vandoorne,7,97.97999999999999
30,stroll,8,97.902
30,massa,9,98.206
30,ocon,10,98.11099999999999
30,hulkenberg,11,98.167
30,jolyon_palmer,12,97.751
30,kevin_magnussen,13,98.88300000000001
30,alonso,14,98.94
30,gasly,15,97.993
30,wehrlein,16,98.531
30,grosjean,17,98.612
30,ericsson,18,101.143
31,max_verstappen,1,95.307
31,hamilton,2,95.67099999999999
31,ricciardo,3,94.912
31,vettel,4,94.689
31,bottas,5,96.14099999999999
31,perez,6,115.587
31,vandoorne,7,97.80799999999999
31,stroll,8,97.77000000000001
31,massa,9,97.663
31,ocon,10,97.788
31,hulkenberg,11,97.939
31,jolyon_palmer,12,98.027
31,kevin_magnussen,13,98.991
31,alonso,14,99.09100000000001
31,gasly,15,98.47399999999999
31,wehrlein,16,98.762
31,grosjean,17,98.614
31,ericsson,18,100.874
32,max_verstappen,1,94.97800000000001
32,hamilton,2,95.856
32,ricciardo,3,95.03399999999999
32,vettel,4,94.584
32,bottas,5,95.717
32,perez,6,95.59100000000001
32,vandoorne,7,97.471
32,stroll,8,97.604
32,massa,9,97.86500000000001
32,ocon,10,97.78
32,hulkenberg,11,97.856
32,jolyon_palmer,12,97.475
32,alonso,13,99.422
32,kevin_magnussen,14,100.771
32,gasly,15,99.281
32,wehrlein,16,98.684
32,grosjean,17,98.476
32,ericsson,18,99.289
33,max_verstappen,1,95.208
33,hamilton,2,95.95
33,ricciardo,3,95.292
33,vettel,4,94.63300000000001
33,bottas,5,95.582
33,perez,6,96.015
33,vandoorne,7,97.831
33,stroll,8,97.468
33,massa,9,97.451
33,ocon,10,97.5
33,hulkenberg,11,97.588
33,jolyon_palmer,12,97.739
33,alonso,13,97.787
33,kevin_magnussen,14,98.571
33,gasly,15,98.2
33,wehrlein,16,98.339
33,grosjean,17,102.913
33,ericsson,18,98.97399999999999
34,max_verstappen,1,95.686
34,hamilton,2,95.60300000000001
34,ricciardo,3,95.521
34,vettel,4,94.37100000000001
34,bottas,5,95.35300000000001
34,perez,6,95.928
34,vandoorne,7,97.37899999999999
34,stroll,8,97.24600000000001
34,massa,9,97.237
34,ocon,10,97.85
34,hulkenberg,11,97.919
34,jolyon_palmer,12,97.50800000000001
34,alonso,13,97.287
34,kevin_magnussen,14,97.675
34,gasly,15,98.102
34,wehrlein,16,98.4
34,grosjean,17,115.27199999999999
34,ericsson,18,100.495
35,max_verstappen,1,95.387
35,hamilton,2,95.711
35,ricciardo,3,95.19
35,vettel,4,94.342
35,bottas,5,95.455
35,perez,6,96.273
35,vandoorne,7,97.193
35,stroll,8,97.601
35,massa,9,97.404
35,ocon,10,97.63
35,hulkenberg,11,97.556
35,jolyon_palmer,12,97.5
35,alonso,13,97.63300000000001
35,kevin_magnussen,14,97.581
35,gasly,15,98.189
35,wehrlein,16,99.453
35,grosjean,17,95.941
35,ericsson,18,98.985
36,max_verstappen,1,95.28999999999999
36,hamilton,2,95.77199999999999
36,ricciardo,3,95.265
36,vettel,4,94.532
36,bottas,5,95.60900000000001
36,perez,6,96.465
36,vandoorne,7,96.731
36,stroll,8,97.233
36,massa,9,97.199
36,ocon,10,97.075
36,hulkenberg,11,97.42
36,jolyon_palmer,12,97.333
36,alonso,13,97.63
36,kevin_magnussen,14,97.424
36,gasly,15,99.268
36,wehrlein,16,98.463
36,grosjean,17,96.35300000000001
36,ericsson,18,100.318
37,max_verstappen,1,95.50800000000001
37,hamilton,2,95.943
37,ricciardo,3,95.256
37,vettel,4,94.81
37,bottas,5,95.767
37,perez,6,97.44
37,vandoorne,7,96.866
37,stroll,8,97.18299999999999
37,massa,9,97.285
37,ocon,10,97.292
37,hulkenberg,11,97.594
37,alonso,12,97.543
37,jolyon_palmer,13,106.02000000000001
37,kevin_magnussen,14,98.318
37,gasly,15,97.544
37,wehrlein,16,103.13499999999999
37,grosjean,17,96.372
37,ericsson,18,98.826
38,max_verstappen,1,96.062
38,hamilton,2,95.97999999999999
38,ricciardo,3,95.32
38,vettel,4,94.311
38,bottas,5,95.36
38,perez,6,96.664
38,vandoorne,7,97.404
38,stroll,8,96.993
38,massa,9,97.173
38,ocon,10,97.368
38,hulkenberg,11,97.84
38,alonso,12,97.30199999999999
38,kevin_magnussen,13,99.583
38,gasly,14,98.15100000000001
38,jolyon_palmer,15,104.902
38,grosjean,16,99.032
38,wehrlein,17,119.607
38,ericsson,18,105.52000000000001
39,max_verstappen,1,95.845
39,hamilton,2,95.94800000000001
39,ricciardo,3,95.23599999999999
39,vettel,4,94.218
39,bottas,5,95.9
39,perez,6,96.675
39,vandoorne,7,97.08500000000001
39,stroll,8,96.955
39,massa,9,97.11699999999999
39,ocon,10,97.491
39,hulkenberg,11,97.878
39,alonso,12,98.12
39,kevin_magnussen,13,97.363
39,gasly,14,97.589
39,jolyon_palmer,15,99.596
39,grosjean,16,96.37899999999999
39,wehrlein,17,96.444
39,ericsson,18,116.076
40,max_verstappen,1,95.56700000000001
40,hamilton,2,95.19800000000001
40,ricciardo,3,95.11
40,vettel,4,94.22200000000001
40,bottas,5,95.59100000000001
40,perez,6,96.408
40,vandoorne,7,97.154
40,stroll,8,96.988
40,massa,9,96.999
40,ocon,10,97.672
40,hulkenberg,11,97.881
40,alonso,12,97.251
40,kevin_magnussen,13,97.369
40,gasly,14,98.91
40,jolyon_palmer,15,98.125
40,grosjean,16,96.40100000000001
40,wehrlein,17,98.707
40,ericsson,18,97.501
41,max_verstappen,1,95.001
41,hamilton,2,95.681
41,ricciardo,3,95.48400000000001
41,vettel,4,94.08
41,bottas,5,95.53999999999999
41,perez,6,96.566
41,vandoorne,7,97.03399999999999
41,stroll,8,96.90100000000001
41,massa,9,97.322
41,ocon,10,97.767
41,hulkenberg,11,98.553
41,alonso,12,97.47800000000001
41,kevin_magnussen,13,99.39699999999999
41,gasly,14,97.464
41,jolyon_palmer,15,98.959
41,grosjean,16,96.512
41,wehrlein,17,97.02000000000001
41,ericsson,18,97.19200000000001
42,max_verstappen,1,95.263
42,hamilton,2,95.218
42,ricciardo,3,95.094
42,vettel,4,94.479
42,bottas,5,95.517
42,perez,6,96.356
42,vandoorne,7,97.07
42,stroll,8,96.92099999999999
42,massa,9,97.072
42,ocon,10,97.798
42,hulkenberg,11,98.205
42,alonso,12,97.27199999999999
42,kevin_magnussen,13,97.253
42,gasly,14,97.61699999999999
42,jolyon_palmer,15,99.737
42,grosjean,16,96.494
42,wehrlein,17,96.65299999999999
42,ericsson,18,96.826
43,max_verstappen,1,95.07
43,hamilton,2,95.1
43,ricciardo,3,95.705
43,vettel,4,94.86699999999999
43,bottas,5,95.50999999999999
43,perez,6,96.509
43,vandoorne,7,96.86
43,stroll,8,97.015
43,massa,9,97.369
43,ocon,10,99.315
43,hulkenberg,11,97.782
43,alonso,12,98.30799999999999
43,kevin_magnussen,13,97.256
43,gasly,14,99.563
43,jolyon_palmer,15,97.292
43,grosjean,16,96.185
43,wehrlein,17,96.682
43,ericsson,18,96.863
44,max_verstappen,1,95.559
44,hamilton,2,95.505
44,ricciardo,3,95.941
44,vettel,4,94.561
44,bottas,5,95.28399999999999
44,perez,6,96.148
44,vandoorne,7,96.884
44,stroll,8,96.862
44,massa,9,96.944
44,ocon,10,97.913
44,hulkenberg,11,98.24799999999999
44,alonso,12,97.614
44,kevin_magnussen,13,100.291
44,gasly,14,98.098
44,jolyon_palmer,15,97.42099999999999
44,grosjean,16,96.212
44,wehrlein,17,96.769
44,ericsson,18,97.195
45,max_verstappen,1,95.13
45,hamilton,2,95.34899999999999
45,ricciardo,3,95.705
45,vettel,4,94.386
45,bottas,5,95.50200000000001
45,perez,6,96.64
45,vandoorne,7,96.882
45,stroll,8,96.844
45,massa,9,98.44800000000001
45,ocon,10,97.815
45,hulkenberg,11,99.34700000000001
45,alonso,12,97.37700000000001
45,kevin_magnussen,13,97.394
45,gasly,14,97.17
45,jolyon_palmer,15,97.186
45,grosjean,16,95.82900000000001
45,wehrlein,17,96.604
45,ericsson,18,97.414
46,max_verstappen,1,95.212
46,hamilton,2,94.86
46,ricciardo,3,94.945
46,vettel,4,94.80199999999999
46,bottas,5,95.631
46,perez,6,96.45
46,vandoorne,7,96.69800000000001
46,stroll,8,96.62700000000001
46,massa,9,97.41499999999999
46,ocon,10,99.426
46,hulkenberg,11,98.38900000000001
46,alonso,12,97.35
46,kevin_magnussen,13,97.19200000000001
46,gasly,14,97.235
46,jolyon_palmer,15,97.40100000000001
46,grosjean,16,95.799
46,wehrlein,17,96.685
46,ericsson,18,97.481
47,max_verstappen,1,94.874
47,hamilton,2,94.574
47,ricciardo,3,95.63499999999999
47,vettel,4,95.555
47,bottas,5,95.532
47,perez,6,96.055
47,vandoorne,7,96.69800000000001
47,stroll,8,98.093
47,massa,9,97.143
47,ocon,10,98.025
47,hulkenberg,11,100.572
47,alonso,12,102.319
47,kevin_magnussen,13,97.261
47,gasly,14,97.458
47,jolyon_palmer,15,97.542
47,grosjean,16,96.339
47,wehrlein,17,96.637
47,ericsson,18,97.241
48,max_verstappen,1,95.025
48,hamilton,2,94.452
48,ricciardo,3,95.769
48,vettel,4,95.63
48,bottas,5,95.668
48,perez,6,96.229
48,vandoorne,7,98.34
48,stroll,8,96.88
48,massa,9,98.09100000000001
48,ocon,10,97.831
48,hulkenberg,11,99.068
48,alonso,12,97.53999999999999
48,kevin_magnussen,13,98.262
48,gasly,14,97.48599999999999
48,jolyon_palmer,15,97.86099999999999
48,grosjean,16,97.265
48,wehrlein,17,96.631
48,ericsson,18,97.26599999999999
49,max_verstappen,1,95.28399999999999
49,hamilton,2,94.59
49,ricciardo,3,95.00200000000001
49,vettel,4,95.654
49,bottas,5,96.134
49,perez,6,96.095
49,vandoorne,7,95.931
49,stroll,8,96.753
49,massa,9,97.225
49,ocon,10,100.785
49,hulkenberg,11,98.919
49,alonso,12,98.176
49,kevin_magnussen,13,97.509
49,gasly,14,98.387
49,grosjean,15,95.79599999999999
49,jolyon_palmer,16,98.436
49,wehrlein,17,96.86699999999999
49,ericsson,18,97.549
50,max_verstappen,1,94.467
50,hamilton,2,94.957
50,ricciardo,3,95.259
50,vettel,4,95.42099999999999
50,bottas,5,96.191
50,perez,6,96.114
50,vandoorne,7,95.97999999999999
50,stroll,8,97.038
50,massa,9,97.404
50,ocon,10,98.352
50,alonso,11,99.354
50,kevin_magnussen,12,98.12100000000001
50,gasly,13,97.987
50,hulkenberg,14,102.957
50,grosjean,15,96.22800000000001
50,jolyon_palmer,16,97.63
50,wehrlein,17,96.739
50,ericsson,18,97.84700000000001
51,max_verstappen,1,94.71600000000001
51,hamilton,2,95.398
51,ricciardo,3,94.87299999999999
51,vettel,4,95.375
51,bottas,5,96.31700000000001
51,perez,6,96.05799999999999
51,vandoorne,7,96.416
51,stroll,8,99.207
51,massa,9,97.39
51,ocon,10,98.297
51,alonso,11,97.85300000000001
51,kevin_magnussen,12,97.90299999999999
51,gasly,13,97.77600000000001
51,grosjean,14,96.273
51,jolyon_palmer,15,98.946
51,hulkenberg,16,116.60900000000001
51,wehrlein,17,97.50800000000001
51,ericsson,18,97.56700000000001
52,max_verstappen,1,94.64699999999999
52,hamilton,2,95.431
52,ricciardo,3,95.12899999999999
52,vettel,4,96.279
52,bottas,5,96.8
52,perez,6,95.913
52,vandoorne,7,96.49199999999999
52,stroll,8,97.112
52,massa,9,97.89099999999999
52,ocon,10,98.47399999999999
52,alonso,11,97.894
52,kevin_magnussen,12,97.793
52,gasly,13,97.417
52,grosjean,14,97.384
52,jolyon_palmer,15,98.41499999999999
52,hulkenberg,16,94.26599999999999
52,wehrlein,17,97.733
52,ericsson,18,97.661
53,max_verstappen,1,94.89
53,hamilton,2,95.209
53,ricciardo,3,95.562
53,vettel,4,96.36500000000001
53,bottas,5,96.038
53,perez,6,96.038
53,vandoorne,7,96.42
53,stroll,8,97.158
53,massa,9,98.76599999999999
53,ocon,10,98.612
53,alonso,11,98.05
53,kevin_magnussen,12,98.023
53,gasly,13,98.12
53,grosjean,14,97.25200000000001
53,jolyon_palmer,15,97.786
53,hulkenberg,16,94.64699999999999
53,wehrlein,17,96.39500000000001
53,ericsson,18,98.789
54,max_verstappen,1,95.112
54,hamilton,2,95.342
54,ricciardo,3,95.83
54,vettel,4,97.45400000000001
54,bottas,5,96.02000000000001
54,perez,6,96.675
54,vandoorne,7,97.299
54,stroll,8,97.82
54,massa,9,97.71600000000001
54,ocon,10,98.52199999999999
54,alonso,11,98.20400000000001
54,kevin_magnussen,12,98.10499999999999
54,grosjean,13,98.531
54,gasly,14,99.586
54,jolyon_palmer,15,97.588
54,hulkenberg,16,94.834
54,wehrlein,17,96.631
54,ericsson,18,96.63
55,max_verstappen,1,94.905
55,hamilton,2,95.96000000000001
55,ricciardo,3,94.77000000000001
55,vettel,4,99.368
55,bottas,5,97.511
55,perez,6,96.274
55,vandoorne,7,98.56
55,stroll,8,99.836
55,massa,9,98.39
55,ocon,10,99.58
55,alonso,11,96.501
55,kevin_magnussen,12,98.11
55,grosjean,13,97.243
55,gasly,14,97.914
55,jolyon_palmer,15,97.655
55,hulkenberg,16,96.321
55,wehrlein,17,97.029
56,max_verstappen,1,95.576
56,hamilton,2,96.932
56,ricciardo,3,96.589
56,vettel,4,101.345
56,bottas,5,98.047
56,perez,6,96.453
