Position,Driver,Points,Wins,Team
1,ANT,320.0,8,Mercedes
2,RUS,236.0,3,Mercedes
3,HAM,214.0,1,Ferrari
4,LEC,191.0,1,Ferrari
5,NOR,188.0,2,McLaren
6,VER,188.0,1,Red Bull
7,PIA,128.0,0,McLaren
8,HAD,96.0,0,Red Bull
9,LAW,65.0,0,RB F1 Team
10,GAS,41.0,0,Alpine F1 Team
11,LIN,38.0,0,RB F1 Team
12,COL,27.0,0,Alpine F1 Team
13,BEA,20.0,0,Haas F1 Team
14,BOR,10.0,0,Audi
15,HUL,7.0,0,Audi
16,OCO,7.0,0,Haas F1 Team
17,ALO,7.0,0,Aston Martin
18,SAI,7.0,0,Williams
19,ALB,5.0,0,Williams
20,TSU,1.0,0,RB F1 Team
21,STR,0.0,0,Aston Martin
22,BOT,0.0,0,Cadillac F1 Team
23,PER,0.0,0,Cadillac F1 Team
