Session,Driver,DriverNumber,Time,Lap,AudioURL,Transcript
Practice1,PIA,81,2026-10-02 12:26:28,,,"VSC,"
Practice1,RUS,63,2026-10-02 12:43:06,,,This is very cool.
Practice1,LAW,30,2026-10-02 12:48:34,,,I have no brakes last mile.
Practice1,BOR,5,2026-10-02 12:54:06,,,"This is the craziest I've ever been in my life with oil temperatures, even more than Bahrain's FP1."
Practice1,HAD,6,2026-10-02 13:00:52,,,"Wow, like zero front, it's coming up, zero. Okay, copy."
Practice1,HAD,6,2026-10-02 13:25:19,,,Is that a free air place on this massive truck? This is probably the best spot you've got just now.
Practice1,RUS,63,2026-10-02 13:28:46,,,"Tell us how much we've got now, as we see it, four and eight, what about this? Well, we'd be a lot of trouble. Yeah, we do look to be a bit of an outlier with this drop off."
Practice2,LEC,16,2026-10-02 15:56:29,,,"VSC,"
Practice2,GAS,10,2026-10-02 16:01:45,,,I'm still a little concerned about this shower that's between 10 and 15 minutes away. It would be enough to be disrupted.
Practice2,VER,3,2026-10-02 16:07:33,,,"I feel sooo the car again, like this, second is a lot of you how I sit in the car, why? Thanks, I'll have a moment back in the garage."
Practice2,HAD,6,2026-10-02 16:09:11,,,"Ok, 2."
Practice2,ALB,23,2026-10-02 16:11:59,,,"We need to figure out, deploy, we need to turn 1. We need to figure out why the raceability is so much worse."
Practice2,BOR,5,2026-10-02 16:25:37,,,"What the f**k is this guy doing, man? He's seeing a cool up-down. I know, but he sees I'm coming and he just keeps blocking."
Practice2,BOR,5,2026-10-02 16:38:02,,,"Set my floor early, water without the understood."
Practice2,BOR,5,2026-10-02 16:58:01,,,"Okay, what happened? Uh, there's another novel, I'm scared of it, we're very together."
Practice2,PIA,81,2026-10-02 17:00:01,,,"Opportunity turn 14, short to corner, native braking earlier, copy, got all these done. Copy, so there's a way too much information for you to improve that corner."
Practice3,ALB,23,2026-10-03 12:25:44,,,"VSC,"
Practice3,BEA,87,2026-10-03 12:55:21,,,"Uh, I don't know what that was. Did you see that? Yeah, we seen it on the front right, so we've gone the wheel off and take a look. First I thought it was the tire, but it wasn't. Sorry, Captain. I didn't seem to really hate this. Yeah, we think we know what it is, so we've gone the wheel off and take a look."
Practice3,HAD,6,2026-10-03 13:05:01,,,"That is so unpredictable. In turn 9, turn 1, you feel no other risk than step out."
Practice3,HAM,44,2026-10-03 13:32:51,,,"Looks like a pretty decent lap considering the tires look great. Hi, I got you."
Qualifying,ALO,14,2026-10-03 15:55:32,,,"VSC,"
Qualifying,LIN,41,2026-10-03 16:11:27,,,"I don't mind by hearing the front right side, front right on side of the car, like a tiny rattling noise."
Qualifying,HUL,27,2026-10-03 16:19:59,,,"Up, sit across."
Qualifying,OCO,31,2026-10-03 16:21:09,,,"Yeah, I think we were too early guys, but yeah, the tower's good so, the same."
Qualifying,BOT,77,2026-10-03 16:21:37,,,"VSC,"
Qualifying,BOT,77,2026-10-03 16:21:41,,,That's as fast as she gets them.
Qualifying,ANT,12,2026-10-03 16:32:38,,,"OK, to me we have to keep it to 6, left and right. Wait, what?"
Qualifying,ANT,12,2026-10-03 16:33:10,,,"Are you sure about the front limits? Hi Fabio, just happy to be sure."
Qualifying,LIN,41,2026-10-03 16:41:42,,,"Picture of each other is very good. Yeah, I tried. Thank you."
Qualifying,SAI,55,2026-10-03 16:42:42,,,"Good job. Amazing. Good job guys. Well done, Kailah. Really great lap in Q1 as well. Pressure."
Qualifying,BOR,5,2026-10-03 16:44:13,,,We are in Q3 again for that great job. Oh my god! That's terrible!
Qualifying,VER,3,2026-10-03 17:01:43,,,"Yes, you're up mate. I can pull. Ah look at that. What a nice one. You can see from here. Very nice."
Qualifying,HAM,44,2026-10-03 17:02:03,,,"That's a very good lap. Where am I? We have to go, right down. Let's go guys! Let's go! Finally, great job in this session guys, really great job timing for the start of it. Can't feel great."
Qualifying,LEC,16,2026-10-03 17:03:01,,,"Yeah, that's a lot of performance in those bus stops in the areas. Never had the group that I had hit on."
Qualifying,BOR,5,2026-10-03 17:03:41,,,"Yeah, thanks guys, very good car today."
Qualifying,GAS,10,2026-10-03 17:04:05,,,"That's for the quality, good positioning and very good throttle. Let's put out the S&Q."
Qualifying,HAD,6,2026-10-03 17:04:11,,,"Minimum P2, minimum, it's just a cold line thing when it matters."
Qualifying,PIA,81,2026-10-03 17:04:48,,,"But anyway, I think it was a decent session. Just pushing it up quite all the last lap."
Race,LIN,41,2026-10-04 14:25:00,,https://livetiming.formula1.com/static/2026/2026-10-04_Bahrain_Grand_Prix/2026-10-04_Race/TeamRadio/LIN_41_20261004_142500.mp3,"Yeah, it's very localized, the rain is very, very dry around 7-8."
Race,HAM,44,2026-10-04 14:26:00,,https://livetiming.formula1.com/static/2026/2026-10-04_Bahrain_Grand_Prix/2026-10-04_Race/TeamRadio/HAM_44_20261004_142600.mp3,"It's kind of wet, but the grip is quite high."
Race,RUS,63,2026-10-04 14:27:45,,https://livetiming.formula1.com/static/2026/2026-10-04_Bahrain_Grand_Prix/2026-10-04_Race/TeamRadio/RUS_63_20261004_142745.mp3,Airbrain in heavier now. Just these hints we're going to get. Shoot up. These conditions.
Race,NOR,1,2026-10-04 14:29:05,,https://livetiming.formula1.com/static/2026/2026-10-04_Bahrain_Grand_Prix/2026-10-04_Race/TeamRadio/NOR_1_20261004_142905.mp3,"Defeel destroyed, skies are gone already. Yeah, copy that land down."
Race,ANT,12,2026-10-04 14:30:05,,https://livetiming.formula1.com/static/2026/2026-10-04_Bahrain_Grand_Prix/2026-10-04_Race/TeamRadio/ANT_12_20261004_143005.mp3,"VSC,"
Race,VER,3,2026-10-04 14:31:27,,https://livetiming.formula1.com/static/2026/2026-10-04_Bahrain_Grand_Prix/2026-10-04_Race/TeamRadio/VER_3_20261004_143127.mp3,"I actually have one problem, the steering wheel, I can push it forward and backwards on the corner, like there's a speed lane."
Race,ANT,12,2026-10-04 14:33:16,,https://livetiming.formula1.com/static/2026/2026-10-04_Bahrain_Grand_Prix/2026-10-04_Race/TeamRadio/ANT_12_20261004_143316.mp3,"I have a problem with the drink, when I'm driving the fluid is just coming out from the, from the, yeah."
Race,LEC,16,2026-10-04 14:55:37,,https://livetiming.formula1.com/static/2026/2026-10-04_Bahrain_Grand_Prix/2026-10-04_Race/TeamRadio/LEC_16_20261004_145537.mp3,"VSC,"
Race,LEC,16,2026-10-04 14:56:06,,https://livetiming.formula1.com/static/2026/2026-10-04_Bahrain_Grand_Prix/2026-10-04_Race/TeamRadio/LEC_16_20261004_145606.mp3,"VSC,"
Race,VER,3,2026-10-04 15:42:19,,https://livetiming.formula1.com/static/2026/2026-10-04_Bahrain_Grand_Prix/2026-10-04_Race/TeamRadio/VER_3_20261004_154219.mp3,"Well, this clock, I can't accelerate, but working guys. Stand by Max, we look in."
Race,HAM,44,2026-10-04 15:43:07,,https://livetiming.formula1.com/static/2026/2026-10-04_Bahrain_Grand_Prix/2026-10-04_Race/TeamRadio/HAM_44_20261004_154307.mp3,"Up, press, that's on to a thousandth of a thing."
Race,ANT,12,2026-10-04 15:48:41,,https://livetiming.formula1.com/static/2026/2026-10-04_Bahrain_Grand_Prix/2026-10-04_Race/TeamRadio/ANT_12_20261004_154841.mp3,"Track is drying, crazily quick."
Race,VER,3,2026-10-04 16:34:27,1.0,https://livetiming.formula1.com/static/2026/2026-10-04_Bahrain_Grand_Prix/2026-10-04_Race/TeamRadio/VER_3_20261004_163427.mp3,"The silipant is sprayed on, I think I have to stay up."
Race,HAM,44,2026-10-04 16:35:05,1.0,https://livetiming.formula1.com/static/2026/2026-10-04_Bahrain_Grand_Prix/2026-10-04_Race/TeamRadio/HAM_44_20261004_163505.mp3,Truck is really wet still. It's so slippery guys. It's dangerous. We need to survive in the first couple of laps. We will die up very soon.
Race,HAM,44,2026-10-04 16:43:59,5.0,https://livetiming.formula1.com/static/2026/2026-10-04_Bahrain_Grand_Prix/2026-10-04_Race/TeamRadio/HAM_44_20261004_164359.mp3,"It's getting drier, tires starting to work a bit more, because you think that's a smart thing to do? If you're happy to stay out, we can gamble. Try to stay out, you have to gamble, not to release, you have to stay out. Copy that."
Race,RUS,63,2026-10-04 16:48:58,8.0,https://livetiming.formula1.com/static/2026/2026-10-04_Bahrain_Grand_Prix/2026-10-04_Race/TeamRadio/RUS_63_20261004_164858.mp3,Tire does not seem to be drying rapidly. It's weird.
Race,VER,3,2026-10-04 16:56:49,11.0,https://livetiming.formula1.com/static/2026/2026-10-04_Bahrain_Grand_Prix/2026-10-04_Race/TeamRadio/VER_3_20261004_165649.mp3,"What, what, ready to be restarted? Yes, it will be, but before I will give you that, we cannot select it yet. There's plenty of time, we don't even have a safety car coming in yet. Kill."
Race,HAM,44,2026-10-04 16:59:24,12.0,https://livetiming.formula1.com/static/2026/2026-10-04_Bahrain_Grand_Prix/2026-10-04_Race/TeamRadio/HAM_44_20261004_165924.mp3,"We can push a bit more to close the gap. I'm pushing as hard as I can, but I've got no grip. I did, I missed it."
Race,ANT,12,2026-10-04 17:10:30,18.0,https://livetiming.formula1.com/static/2026/2026-10-04_Bahrain_Grand_Prix/2026-10-04_Race/TeamRadio/ANT_12_20261004_171030.mp3,"VSC,"
Race,ANT,12,2026-10-04 17:10:34,19.0,https://livetiming.formula1.com/static/2026/2026-10-04_Bahrain_Grand_Prix/2026-10-04_Race/TeamRadio/ANT_12_20261004_171034.mp3,"Fire, port face. Copy."
Race,RUS,63,2026-10-04 17:11:21,19.0,https://livetiming.formula1.com/static/2026/2026-10-04_Bahrain_Grand_Prix/2026-10-04_Race/TeamRadio/RUS_63_20261004_171121.mp3,"And how are these tyres, George? OK, the moment."
Race,ANT,12,2026-10-04 17:12:06,19.0,https://livetiming.formula1.com/static/2026/2026-10-04_Bahrain_Grand_Prix/2026-10-04_Race/TeamRadio/ANT_12_20261004_171206.mp3,"That's the last message, it's just to keep the tyres in good shape, we will do something different."
Race,PIA,81,2026-10-04 17:13:29,20.0,https://livetiming.formula1.com/static/2026/2026-10-04_Bahrain_Grand_Prix/2026-10-04_Race/TeamRadio/PIA_81_20261004_171329.mp3,"OK, so Hamilton's clearly far, he's going to go through cars and we need to go with him."
Race,BOR,5,2026-10-04 17:16:45,22.0,https://livetiming.formula1.com/static/2026/2026-10-04_Bahrain_Grand_Prix/2026-10-04_Race/TeamRadio/BOR_5_20261004_171645.mp3,"Hey, what the f***? It doesn't give me space there."
Race,SAI,55,2026-10-04 17:16:57,22.0,https://livetiming.formula1.com/static/2026/2026-10-04_Bahrain_Grand_Prix/2026-10-04_Race/TeamRadio/SAI_55_20261004_171657.mp3,"Dabby, left him all the space in the world."
Race,ANT,12,2026-10-04 17:21:41,25.0,https://livetiming.formula1.com/static/2026/2026-10-04_Bahrain_Grand_Prix/2026-10-04_Race/TeamRadio/ANT_12_20261004_172141.mp3,Second runway. copy.
Race,RUS,63,2026-10-04 17:22:40,26.0,https://livetiming.formula1.com/static/2026/2026-10-04_Bahrain_Grand_Prix/2026-10-04_Race/TeamRadio/RUS_63_20261004_172240.mp3,"We're doing target minus 11, oh, wait until we're ready, so, so we're going target minus 5 now, we're just going to keep extended that."
Race,HAD,6,2026-10-04 17:27:58,29.0,https://livetiming.formula1.com/static/2026/2026-10-04_Bahrain_Grand_Prix/2026-10-04_Race/TeamRadio/HAD_6_20261004_172758.mp3,"How much of the height force to use you? Is that bastard in all corners with his air force? Well, okay, thank you. I am done. Done! How is that possible?"
Race,RUS,63,2026-10-04 17:37:08,34.0,https://livetiming.formula1.com/static/2026/2026-10-04_Bahrain_Grand_Prix/2026-10-04_Race/TeamRadio/RUS_63_20261004_173708.mp3,I'm going to try to get to early.
Race,HAM,44,2026-10-04 17:38:15,34.0,https://livetiming.formula1.com/static/2026/2026-10-04_Bahrain_Grand_Prix/2026-10-04_Race/TeamRadio/HAM_44_20261004_173815.mp3,This side feels terrible. Now probably have to go over this side. To the end.
Race,ANT,12,2026-10-04 18:07:56,49.0,https://livetiming.formula1.com/static/2026/2026-10-04_Bahrain_Grand_Prix/2026-10-04_Race/TeamRadio/ANT_12_20261004_180756.mp3,"We have two strikes so far, we don't need any more. Yeah, but I'm fighting for stuff as well now."
Race,RUS,63,2026-10-04 18:09:22,50.0,https://livetiming.formula1.com/static/2026/2026-10-04_Bahrain_Grand_Prix/2026-10-04_Race/TeamRadio/RUS_63_20261004_180922.mp3,"Uhhh, fuck."
Race,ANT,12,2026-10-04 18:11:11,51.0,https://livetiming.formula1.com/static/2026/2026-10-04_Bahrain_Grand_Prix/2026-10-04_Race/TeamRadio/ANT_12_20261004_181111.mp3,"What the... what happened? Err, we need Stygnos, it looks like a PUSH."
Race,HAD,6,2026-10-04 18:12:27,51.0,https://livetiming.formula1.com/static/2026/2026-10-04_Bahrain_Grand_Prix/2026-10-04_Race/TeamRadio/HAD_6_20261004_181227.mp3,"VSC,"
Race,RUS,63,2026-10-04 18:12:28,50.0,https://livetiming.formula1.com/static/2026/2026-10-04_Bahrain_Grand_Prix/2026-10-04_Race/TeamRadio/RUS_63_20261004_181228.mp3,"Don't P you, something weird, thermodendron breaking, P you hot, nothing P you broken. Okay we need to stop the car, stop the car. Sorry, Foghead, I'm sorry."
Race,VER,3,2026-10-04 18:20:55,55.0,https://livetiming.formula1.com/static/2026/2026-10-04_Bahrain_Grand_Prix/2026-10-04_Race/TeamRadio/VER_3_20261004_182055.mp3,"Yes, Max. Auto bait, never doubt, the other man today. Alright, 72 bait, 72 amazing jump dive, this is fantastic weekend, and it's a really good jump dive to watch. I'm really proud of this one."
Race,ANT,12,2026-10-04 18:21:40,55.0,https://livetiming.formula1.com/static/2026/2026-10-04_Bahrain_Grand_Prix/2026-10-04_Race/TeamRadio/ANT_12_20261004_182140.mp3,"Well done, Kimmy, good P2 mate. Didn't pass this car today but well done to get that. Yeah, thank you guys. We'll see people today. Congrats Marks and sorry for George. Yeah, real kick in the guts for George and the team. Let's keep pushing, we go again in Singapore. Night, Bob, kitty."
Race,HAM,44,2026-10-04 18:22:34,55.0,https://livetiming.formula1.com/static/2026/2026-10-04_Bahrain_Grand_Prix/2026-10-04_Race/TeamRadio/HAM_44_20261004_182234.mp3,"Yeah guys, great job with the pit stops. And going into the strategy there, already pretty well done during the race. I'll see you guys more on the table for us today. See you later, bye next time."
Race,BOR,5,2026-10-04 18:26:25,55.0,https://livetiming.formula1.com/static/2026/2026-10-04_Bahrain_Grand_Prix/2026-10-04_Race/TeamRadio/BOR_5_20261004_182625.mp3,"VSC,"
Race,LIN,41,2026-10-04 18:26:26,55.0,https://livetiming.formula1.com/static/2026/2026-10-04_Bahrain_Grand_Prix/2026-10-04_Race/TeamRadio/LIN_41_20261004_182626.mp3,"It's a good day for the team, so then everyone on my side is just not good enough, so anytime something like that happens, it's just not near what I expect, it's just me, so I'll look at it because it's unacceptable for my side to be so... So So So, Thank you. you you you you you you you you you"
